idx,region,n_matched_days,n_consecutive_differences,daily_corr,difference_corr
1.875_103.375,asia,580,579,0.5217003508428938,0.28605489494813663
17.375_96.375,asia,774,772,0.7965167510941087,0.14700811755505733
17.375_96.625,asia,351,343,0.9727691046789203,0.301050968372091
26.625_80.125,asia,476,471,0.8710858281894713,0.4539309530252383
31.125_91.625,asia,1478,1441,0.7614361254403538,0.39188358565450393
31.125_91.875,asia,1675,1620,0.4269075749845474,0.19473244698950196
31.125_92.125,asia,1420,1379,0.7856805645625748,0.3874022642622806
31.125_92.375,asia,1247,1208,0.7128467721548022,0.42552421513583094
31.375_91.875,asia,2199,2123,0.44834856120312727,0.3308023682061798
31.375_92.125,asia,703,671,0.6802752715592097,0.33026572382281083
31.625_91.625,asia,1463,1435,0.37539782060449794,0.2713616130483005
31.625_91.875,asia,1478,1445,0.7618597252036405,0.37024954454914605
31.625_92.125,asia,1440,1397,0.8043422637183419,0.3609882417355343
31.625_92.375,asia,1324,1287,0.6590456047617456,0.33076235682959193
31.875_91.625,asia,1434,1405,0.7431515847535992,0.4502947634748104
31.875_91.875,asia,1298,1260,0.7745801791532044,0.4423021590548463
32.375_79.875,asia,979,962,0.286008327974364,0.1993484670166971
32.375_80.125,asia,1998,1961,0.7242421592796752,0.4256836415822375
32.625_79.875,asia,1962,1924,0.7184542440296605,0.3498232514114719
32.625_80.125,asia,1633,1593,0.8305184239881075,0.4632149957906775
33.375_79.625,asia,1784,1752,0.676988158736208,0.36489451313628846
33.625_101.875,asia,1993,1944,0.49587326619013466,0.43252411341073804
33.625_102.125,asia,2206,2115,0.506211156947202,0.5170054415302646
33.625_102.375,asia,1456,1398,0.27751971274598053,0.4078092500146983
33.875_101.625,asia,1587,1532,0.4545266961902215,0.4676166021887327
33.875_101.875,asia,1325,1290,0.593655816159351,0.5783003586088711
33.875_102.125,asia,2242,2196,0.5362670724887212,0.46908003436857293
33.875_102.375,asia,2075,2035,0.4606966466289163,0.4832141158607604
33.875_102.625,asia,2461,2400,0.4433304335761234,0.5186235003832022
34.125_101.875,asia,1768,1715,0.5100229877193316,0.46760175879325594
34.125_102.375,asia,2107,2048,0.47740456722767244,0.5493906274944246
36.875_68.125,asia,2722,2668,0.7971377191870247,0.4400792951462602
37.125_127.625,asia,2890,2842,0.6711775403172902,0.5615182121536364
37.375_126.875,asia,195,194,0.6627651558903852,0.7483775644404685
37.875_126.875,asia,295,287,0.7749192008716234,0.7188813978970232
38.625_66.875,asia,3083,2934,0.8951178717114444,0.44028622249439764
38.625_102.875,asia,587,577,0.6959178817096009,0.3879173985608846
38.875_100.375,asia,139,138,0.09841511001479364,0.022615480686971792
39.625_71.625,asia,1301,1240,0.6409368073161331,0.2521034335742812
40.875_76.625,asia,478,460,0.5188947278816072,0.13846663026327763
41.625_77.875,asia,356,319,0.4270191662452402,0.2753906910090767
41.625_115.625,asia,286,278,0.4532559500129522,0.5331430606292793
41.625_115.875,asia,271,263,0.4715905911551698,0.5666311722216674
41.625_116.125,asia,278,266,0.6224253466157991,0.5073172353585397
41.625_116.375,asia,293,279,0.521887993166873,0.4257605703786991
41.875_70.625,asia,2178,2145,0.6196558215076183,0.30810976216331526
41.875_74.375,asia,2800,2767,0.4973010419721956,0.2630510780335238
41.875_115.625,asia,469,460,0.5746596047864031,0.548861159103029
41.875_115.875,asia,272,265,0.2610399235839106,0.3856968554916835
41.875_116.125,asia,305,296,0.6619062817543795,0.6134789429949797
41.875_116.375,asia,287,275,0.5882597574156467,0.5009174633617928
42.125_115.625,asia,289,276,0.45195762475103957,0.6777384578578869
42.125_115.875,asia,344,331,0.601417560058581,0.6710739964073215
42.125_116.125,asia,338,325,0.7550137413001328,0.673326304556925
42.125_116.375,asia,155,145,0.8312029141648357,0.6014242478147973
42.375_74.375,asia,1452,1398,0.74739473131587,0.4040469504308172
42.375_115.625,asia,289,278,0.2695666362841013,0.19712676804001641
42.375_115.875,asia,285,276,0.2595193377317077,0.2151221683998396
42.375_116.125,asia,309,298,0.6889429464994646,0.5659685655546721
42.375_116.375,asia,288,277,0.5369499094081573,0.519645853184351
42.625_74.375,asia,2703,2608,0.7492472640497441,0.3622663142188452
-2.875_37.375,africa,960,957,0.7593257899138595,0.25743301254416034
-1.375_35.125,africa,1008,1007,0.5993008933356163,0.40121927001560764
-1.375_35.375,africa,231,220,-0.03778905758980689,0.13676176524032227
-1.375_40.125,africa,995,992,0.6544213962319918,0.11551939039643751
-1.125_35.875,africa,1006,1004,0.6749923475860053,0.2339200447567602
-0.875_34.875,africa,786,780,0.3889227941738454,0.3762235693070251
-0.625_36.375,africa,825,817,0.5613316391134116,0.42621794731237933
-0.625_36.625,africa,900,875,0.5081979926995345,0.37301142351881916
-0.375_36.875,africa,961,959,0.5570637303896927,0.26282635936235127
-0.125_34.625,africa,932,919,0.6053195593514417,0.318947453527843
0.375_36.875,africa,2697,2668,0.7263947860796385,0.3754240683840578
5.375_-3.875,africa,794,768,0.5833574267891464,0.2530907892632458
6.125_-0.375,africa,1167,1166,0.8253546143018397,0.2519734551591529
6.375_-2.875,africa,343,342,0.8217950278877317,0.17543320482831304
6.625_-3.125,africa,828,824,0.7615143138710153,0.2792570926332558
6.625_-1.625,africa,833,832,0.5879536492859955,0.18028989975599932
7.375_-2.375,africa,782,773,0.8004080294571345,0.3106454903008175
7.625_-0.875,africa,578,576,0.7662567871161512,0.34251428248126836
7.875_-2.125,africa,935,934,0.7778407379767154,0.35643879390552713
7.875_-0.125,africa,945,944,0.8549803608061533,0.3808466369482609
8.125_-2.375,africa,897,896,0.7293889775029613,0.3492468113356035
8.375_-0.125,africa,842,837,0.8699314460554527,0.3682578832974701
8.875_0.125,africa,937,935,0.910141842706268,0.31621128534849885
9.375_-2.375,africa,936,934,0.8239067086301137,0.34873915400102246
9.375_-1.125,africa,1054,1051,0.8350705260473313,0.44382761783609337
9.625_1.625,africa,4245,4236,0.8644433139581318,0.30111178371907155
9.875_-2.375,africa,904,902,0.8401823645188079,0.45580260797050703
9.875_1.625,africa,4143,4136,0.9007981458490618,0.3542785223756793
10.375_-2.625,africa,937,936,0.818054702191714,0.33353166403072115
10.625_-2.375,africa,917,914,0.8048940613410874,0.2956300928278432
10.625_-1.875,africa,937,936,0.8561628619226662,0.32509070211458074
10.875_-1.125,africa,834,825,0.8805957614640911,0.26439880187875936
10.875_-0.875,africa,786,775,0.8674277853254592,0.2673406229426449
11.125_-0.125,africa,920,901,0.8274820388491135,0.23735159209939136
13.375_30.375,africa,4078,4065,0.6276359646861593,0.24661112200017432
13.625_2.625,africa,4556,4552,0.7081284531816632,0.2764153930911229
15.375_-15.375,africa,2995,2973,0.6442666374421113,0.271779712427714
-36.625_174.625,oceania,986,985,0.8425848192037811,0.7232028428916772
-36.375_148.875,oceania,3548,3534,0.7704096256258467,0.6637005538802505
-35.375_147.375,oceania,4046,4005,0.7959458260416227,0.5670680987748375
-35.375_147.625,oceania,3665,3656,0.8292047610306136,0.5668488230106297
-35.375_148.125,oceania,4136,4119,0.8702854357478008,0.6552374590971924
-35.375_149.125,oceania,3393,3369,0.8076320989282074,0.6860999357326873
-35.125_145.875,oceania,4145,4067,0.7149752677870093,0.5000355898719251
-35.125_146.125,oceania,4178,4134,0.7209205455117993,0.5372775533438476
-35.125_146.375,oceania,5075,5030,0.6446673656975698,0.43769805607002965
-35.125_147.375,oceania,3751,3710,0.6087246104341906,0.4307403658891988
-35.125_147.625,oceania,2297,2264,0.8129857948100548,0.5269120664883479
-34.875_145.875,oceania,3427,3338,0.6932087520831284,0.5007277403900698
-34.875_146.125,oceania,4895,4866,0.782396744971228,0.6016219485460634
-34.875_146.375,oceania,4102,4071,0.7388632610908316,0.5870788966292338
-34.625_143.625,oceania,3419,3399,0.672712121217877,0.4796308422186906
-34.625_144.875,oceania,3407,3385,0.6528070211456609,0.5503969720865637
-34.625_145.875,oceania,4283,4238,0.7904686176083222,0.5568196153444355
-34.625_146.125,oceania,4837,4807,0.7755782901437074,0.5380203553828345
-34.625_146.375,oceania,3448,3427,0.837228157612602,0.6723213252439705
-34.625_148.125,oceania,3039,3009,0.8079920082845787,0.6262153549180602
-34.125_146.375,oceania,3269,3246,0.745721727976902,0.5079464114267483
-33.875_147.125,oceania,3366,3335,0.8706563873166947,0.7073977554196186
-32.625_150.375,oceania,542,541,0.7933801289244616,0.7630586978548344
-32.375_149.875,oceania,414,412,0.8033947375692588,0.7137280766768567
-32.375_150.375,oceania,683,679,0.8796193471432072,0.6974018215583131
-32.125_150.125,oceania,730,728,0.9087349692069712,0.7626074769917257
-32.125_150.375,oceania,731,730,0.8671387107433454,0.7645042903813103
-31.875_150.125,oceania,512,508,0.8893446833233603,0.6529259410536303
-31.875_150.375,oceania,333,332,0.8723607014153382,0.6345486335038025
39.625_-1.375,europe,668,658,0.8066652628629678,0.5078473336283428
40.875_25.875,europe,661,659,0.8442153995456171,0.595603458664286
41.125_-5.625,europe,6601,6567,0.8254345751965028,0.6454242140458132
41.125_-5.375,europe,7129,7101,0.7304832910714213,0.4887121655975314
41.125_14.875,europe,177,173,0.8781167649182808,0.8283348934430299
41.125_25.375,europe,1172,1168,0.9016290938239315,0.6626077249097424
41.375_-5.625,europe,7106,7078,0.8074635023374428,0.5225762769434701
41.375_-5.375,europe,7158,7136,0.8424346137708203,0.49486037800184474
41.375_-5.125,europe,7167,7147,0.7695335892574399,0.5413052915480328
41.375_25.375,europe,1125,1114,0.7720400142650291,0.5978167135252983
41.625_1.875,europe,183,182,0.7072215729511677,0.3878507566857181
41.875_-0.625,europe,1025,1022,0.5630165212193181,0.40863782891589084
41.875_0.875,europe,1741,1731,0.7154223784120897,0.47918468781860696
41.875_1.625,europe,1236,1230,0.5189409930872685,0.28180509862008435
42.125_0.875,europe,2785,2773,0.7707072831513537,0.49762300910501217
42.125_1.125,europe,2769,2752,0.7517692109073817,0.506671701851727
42.125_2.375,europe,1122,1118,0.6500150074350831,0.44446347270327935
42.375_-0.875,europe,2670,2631,0.5427562738703552,0.6094194370496181
42.375_0.875,europe,1968,1944,0.7440346931833597,0.5312389998404355
42.375_1.125,europe,2779,2739,0.7358708103898511,0.4853024264247712
42.375_1.375,europe,1007,992,0.7744012896142312,0.5211874249333431
42.375_1.875,europe,1152,1135,0.5438362704592966,0.4315570161338319
42.375_2.875,europe,699,698,0.7518871712481041,0.5709106539547959
42.375_3.125,europe,538,537,0.7487001799698579,0.5015491228027412
42.625_1.375,europe,1427,1389,0.554542038869124,0.44478585441372565
42.875_2.625,europe,3276,3253,0.6517058164656446,0.5284729853301345
43.125_1.625,europe,3724,3658,0.8144167349145172,0.6592242845898573
43.125_2.625,europe,5001,4942,0.7029027332099059,0.6417553329635838
43.125_2.875,europe,6440,6407,0.8613023158836957,0.6823386200720073
43.125_12.375,europe,2184,2154,0.8024750543644804,0.5939580939453651
43.375_1.875,europe,6206,6141,0.8714666531632723,0.6774799288852532
43.375_3.375,europe,3347,3329,0.7181988038910022,0.5690307926327697
43.625_-0.375,europe,4572,4431,0.7806475599819752,0.6830312288463464
43.625_0.125,europe,5958,5882,0.7209708725058368,0.5726640766932428
43.625_0.875,europe,5370,5279,0.8256116226609309,0.6224903021088217
43.875_-0.125,europe,6274,6201,0.8078743949302332,0.609995388012573
43.875_0.375,europe,4218,4149,0.8184067010774053,0.5370208848388747
43.875_1.125,europe,4211,4134,0.8457343239005917,0.5905778452339123
43.875_4.125,europe,4443,4393,0.8448612992295363,0.6480172395708792
43.875_5.125,europe,5732,5680,0.8179278494600701,0.7392602727802352
43.875_25.375,europe,1998,1953,0.6190561536518939,0.6328812733924284
44.125_-0.875,europe,5221,5162,0.7328906008950445,0.6691010117468053
44.125_4.125,europe,5703,5664,0.8438011085802877,0.7399420419415005
44.125_4.375,europe,3070,3033,0.7508824398430719,0.7893035398652528
44.125_24.875,europe,2894,2830,0.6375118117666141,0.5242722343316327
44.125_27.375,europe,3485,3425,0.41882407555214207,0.5340313190972151
44.125_27.875,europe,377,370,0.619282992550843,0.4308197386484873
44.375_-0.875,europe,4042,4020,0.814633183157979,0.6190063638904032
44.375_-0.625,europe,2957,2910,0.6628258766923196,0.5863156637158972
44.375_23.125,europe,2658,2592,0.8620580895483948,0.663201215877007
44.375_24.375,europe,2949,2889,0.7379801681574418,0.5191468563741389
44.625_4.125,europe,5254,5162,0.787480891713281,0.6400337755716627
44.625_4.625,europe,2230,2192,0.8600190410038189,0.7383406726051396
44.625_8.625,europe,2906,2878,0.7231879353467155,0.5220721745115695
44.625_11.625,europe,2493,2380,0.8775137437231546,0.6101007677923553
44.625_27.375,europe,968,950,0.33042524005072865,0.551948788361928
44.625_28.375,europe,1331,1300,0.39656929645522065,0.48249213168796506
44.875_-0.625,europe,3885,3859,0.8545170933335317,0.5709893278919891
45.125_7.125,europe,1128,1110,0.6974980526266907,0.4950643012854936
45.375_21.125,europe,2694,2645,0.5012845497159707,0.5038638756213424
45.625_7.125,europe,967,941,0.8086580584317208,0.599510671517582
45.875_27.375,europe,2689,2628,0.46263850403328616,0.48458564781992614
46.125_20.625,europe,1631,1583,0.44717143329044784,0.3888682822566389
46.125_24.625,europe,1851,1798,0.5432380752550059,0.536795296149826
46.125_27.625,europe,2987,2909,0.6050854300905653,0.5322552336708672
46.625_21.625,europe,1512,1488,0.2418131320654355,0.44924203122409134
47.125_21.875,europe,2709,2641,0.6715285385460282,0.5251148583443814
47.125_23.875,europe,1365,1324,0.6608797927508014,0.4244309443977208
47.125_27.625,europe,2956,2898,0.670405653503459,0.5268741608148393
47.375_8.875,europe,2451,2395,0.6628378580795654,0.4077484223840881
47.375_26.875,europe,2690,2620,0.548707957914232,0.20680716206361116
47.625_22.875,europe,2978,2915,0.5204634498041929,0.581428061506203
47.875_10.125,europe,165,147,0.6290079428118945,0.6754018447821283
47.875_11.125,europe,574,565,0.726717488229536,0.7657498862216797
47.875_11.625,europe,205,204,0.8213308854624237,0.7562892246003149
47.875_12.125,europe,611,601,0.5652161757461149,0.6566515735236514
47.875_12.625,europe,242,237,0.35362932081084386,0.6591680892735929
47.875_20.625,europe,580,568,0.1740688784326444,0.3215130879155035
48.125_15.125,europe,2616,2571,0.5678605074110865,0.47038422369933497
48.125_15.875,europe,719,709,0.6088203154233239,0.41639427011199337
48.125_20.875,europe,597,585,0.7176425806687214,0.22824841359154122
48.125_26.625,europe,2554,2486,0.5116892973860329,0.45929025656290795
48.375_11.625,europe,337,332,0.5910222594993468,0.7556185716223398
48.375_12.375,europe,872,827,0.7374960364802077,0.6835664822715952
48.375_12.625,europe,781,722,0.6400466722496329,0.5118618535303626
48.375_12.875,europe,939,924,0.6803811154254445,0.6271254451770283
48.375_15.125,europe,616,602,0.7548741138775619,0.6403308382313615
48.375_20.875,europe,216,209,0.8974488945442497,0.4609601709289077
48.375_21.125,europe,434,426,0.6464504959693986,0.47501584912258954
48.625_9.875,europe,210,201,0.7109262662993586,0.5928892031963447
48.625_12.625,europe,916,888,0.748404303158442,0.6756370553278047
48.625_12.875,europe,1110,1091,0.7740856681593348,0.730997312385477
48.875_8.375,europe,348,346,0.7279921477861679,0.6489030554503394
49.375_7.125,europe,345,340,0.8370347814424494,0.7265107950237316
49.875_10.875,europe,345,341,0.8072010284778618,0.7536082482838076
50.125_-5.125,europe,1714,1609,0.7365552414410607,0.4832652406418042
50.125_11.875,europe,330,324,0.8676762009784892,0.6718865451191187
50.625_6.375,europe,4335,4219,0.8158593760442943,0.6310295107572381
50.625_7.875,europe,345,341,0.843776932424372,0.817159217585456
50.625_13.875,europe,323,317,0.8671754062470138,0.7544058019787222
50.875_-3.875,europe,1310,1276,0.6042174364827827,0.5424024319809354
50.875_-2.625,europe,1123,1094,0.8076734589746378,0.6933291966357912
50.875_0.125,europe,2679,2665,0.8472049931609302,0.5932308681909266
50.875_6.375,europe,4671,4627,0.7077147644313073,0.5243392227056972
51.125_-2.125,europe,1851,1835,0.8903848215550642,0.7258806174251843
51.125_-1.625,europe,2734,2721,0.6787038401389898,0.6435058315438439
51.125_-0.875,europe,2800,2782,0.5447452168887187,0.548881718778545
51.125_0.375,europe,1720,1698,0.7587496458238442,0.5563047205952465
51.125_6.125,europe,3795,3737,0.7629950189196819,0.45365913580874867
51.375_-0.625,europe,1163,1134,0.44346354281820455,0.5854321480901676
51.375_0.375,europe,2413,2393,0.6801080157730162,0.5100816562816248
51.375_14.375,europe,347,344,0.9496967383266474,0.7105660328606266
51.375_23.125,europe,1360,1341,0.43093863111818737,0.2829168038100338
51.375_23.375,europe,863,842,0.7404852885292283,0.6471314571386766
51.625_-1.375,europe,1031,1023,0.832141709670014,0.5925966024563696
51.625_0.375,europe,1976,1968,0.8066864766252118,0.5229758967090408
51.625_9.875,europe,350,348,0.852658165871198,0.6600700493583856
51.625_11.125,europe,346,341,0.9305462393501283,0.6428633289678211
51.875_-4.625,europe,2225,2196,0.8113802446526214,0.608879592779394
51.875_-1.375,europe,994,981,0.6285981523142422,0.6488974581132602
51.875_-0.875,europe,1023,1014,0.7530375441316157,0.47128229115239023
51.875_-0.375,europe,2983,2946,0.7145882892488489,0.45120554224304427
51.875_4.875,europe,598,588,0.8041382022904769,0.678796050785836
51.875_6.125,europe,530,526,0.7424660688472312,0.566730303201234
51.875_22.625,europe,841,821,0.7506289277496097,0.5909427166861959
52.125_-2.625,europe,1681,1668,0.8932527449348122,0.7283821077572956
52.125_-1.625,europe,1468,1454,0.7166813977854918,0.5319364470295367
52.125_-0.375,europe,2661,2638,0.7339692944972999,0.5033849834459413
52.125_-0.125,europe,1153,1144,0.7637871343622038,0.560597924587326
52.125_0.875,europe,1938,1903,0.6991248996200744,0.549856134314506
52.125_6.375,europe,2341,2320,0.7871316748948303,0.5609634799172385
52.125_6.625,europe,4024,3982,0.6272588565341517,0.43963335825077826
52.125_6.875,europe,2475,2452,0.7880968433988418,0.6517628063529322
52.125_13.875,europe,4165,4081,0.7055084176887888,0.4785446231399228
52.125_14.125,europe,5394,5284,0.8816379937574838,0.623018670916768
52.375_-4.125,europe,735,725,0.5851299678050341,0.4411070090990521
52.375_-3.875,europe,1530,1441,0.1469830437737372,0.5726721358967112
52.375_0.375,europe,1301,1295,0.7091450924546429,0.5240827064305777
52.375_0.875,europe,2409,2397,0.8467534848855469,0.6232156018192847
52.375_6.375,europe,1950,1923,0.8125305569155773,0.36604570195439196
52.375_6.625,europe,2898,2857,0.8757949317182921,0.6187089342745312
52.375_6.875,europe,3469,3424,0.6452002725138655,0.4432300465399142
52.375_13.125,europe,716,708,0.914874557946676,0.7433216548084739
52.375_13.375,europe,1803,1780,0.7678918337675789,0.6145109639248483
52.375_13.625,europe,1520,1500,0.7853107434214016,0.4892797931934633
52.625_-2.875,europe,170,167,-0.02808031296509569,0.3034528595828615
52.625_-1.125,europe,2603,2576,0.809962638119858,0.5763130387809415
52.625_-0.875,europe,2104,2083,0.6226064201650482,0.5183522259467338
52.625_0.625,europe,1989,1970,0.864269088691777,0.6631521551648158
52.625_1.125,europe,2878,2850,0.8044020230241594,0.5816220379064024
52.625_13.125,europe,1410,1392,0.8921016500075101,0.6970111675130081
52.625_13.375,europe,1412,1394,0.7325607435340112,0.5336659597150398
52.625_13.625,europe,735,726,0.9217443780622053,0.6440987784364839
52.875_-8.125,europe,296,294,0.10943293403474745,0.09641465877094256
52.875_-1.125,europe,2850,2834,0.7242163024478246,0.5196114670136486
52.875_9.875,europe,353,349,0.9000041425113221,0.7869077623591695
52.875_12.375,europe,352,349,0.9301419540246424,0.7026741477654769
53.125_-4.125,europe,2200,2181,0.6511212911232552,0.5972386922751444
53.125_-2.625,europe,2836,2817,0.6968444210352109,0.5315349558994464
53.125_7.875,europe,356,353,0.8180306982983848,0.6259884926233681
53.375_-1.875,europe,413,410,0.40453093328697315,0.470715827228405
53.375_-0.625,europe,2235,2206,0.7437202268926179,0.5379987118298446
53.625_22.875,europe,819,797,0.38664956375140996,0.183439211245981
53.875_-1.375,europe,2096,2058,0.7735463968390134,0.6561462050813105
54.125_-2.375,europe,1377,1279,0.3630811732852669,0.43146253541089136
54.125_-0.875,europe,2777,2730,0.5967078839759203,0.3872325280967967
54.125_9.125,europe,326,321,0.8221948241806928,0.6535891765954118
54.125_11.125,europe,245,236,0.7309995559539217,0.6457423817166463
54.375_-7.375,europe,1511,1471,0.7545577767616531,0.6779249647603034
54.375_-6.125,europe,1060,1010,0.6240311483236829,0.574341879462366
54.375_13.375,europe,352,348,0.9166820362493598,0.7455786592178393
54.625_-2.375,europe,1334,1198,0.7896157362253449,0.5141844597160099
54.875_-6.125,europe,1812,1750,0.5818448444676236,0.5343844813526494
55.125_-3.625,europe,2693,2650,0.8248921773633229,0.6856476141378435
55.125_-1.625,europe,2278,2246,0.6202724381597379,0.6099371651489389
55.375_-2.125,europe,1070,1028,0.28046501746336777,0.4571382017750799
55.875_-4.375,europe,1150,1139,0.6441183407971774,0.58633749308663
55.875_-3.875,europe,2940,2877,0.7740409234762688,0.5111914333762027
55.875_-3.125,europe,536,527,0.049345723827920074,0.05627949082766405
55.875_8.875,europe,2945,2904,0.4499805075389997,0.32599271402616886
55.875_9.125,europe,3028,2985,0.7058599900284951,0.3604636191301318
55.875_9.375,europe,2930,2888,0.7497513939312427,0.6563240814120873
56.125_9.125,europe,3090,3046,0.5977323798814458,0.4628433894577523
56.125_9.375,europe,2271,2231,0.6731970770156479,0.4712445579820464
56.375_-3.875,europe,264,257,0.8562082353381152,0.7473030654004188
56.375_-3.125,europe,3017,2991,0.7703898374101233,0.6450577491005491
56.375_32.875,europe,1131,1081,0.10113974354261314,0.33117079590658965
56.875_-2.625,europe,2443,2369,0.4301097055754178,0.381354740647755
61.625_21.875,europe,773,707,0.6864905770467649,0.5592293344195646
62.875_30.875,europe,849,823,0.7291463233340839,0.508594662899665
64.125_25.375,europe,987,951,0.6676540429986242,0.4729937026597033
64.875_28.625,europe,1092,1049,0.7494483303347549,0.5445504582435274
66.375_14.875,europe,283,277,0.3806456444976102,0.6139752689972747
66.375_29.375,europe,1137,1085,0.519526029105389,0.4416418263807118
67.125_26.625,europe,1361,1337,0.3746071069987147,0.5803605675778774
67.375_26.625,europe,2017,1986,0.6899641150609397,0.5886356193321478
68.375_27.625,europe,1766,1731,0.4584208916123668,0.4765383300151195
69.625_28.875,europe,301,288,0.7455387050265619,0.4537431139583656
-40.875_-73.125,south_america,1860,1852,0.9379834548980007,0.7572405938367432
-27.375_-70.625,south_america,1649,1627,0.16835762148839464,0.12468432169843961
-27.375_-70.375,south_america,1658,1649,0.10157380406028549,0.023266528325276467
-16.875_-42.375,south_america,786,781,0.6055768621043904,0.09674941974718583
-16.625_-42.875,south_america,1370,1349,0.8636141268019414,0.5404856228563963
-16.625_-41.875,south_america,1326,1310,0.7553006491858442,0.2782624224226752
-16.625_-41.625,south_america,817,812,0.62551478726666,0.0025274975622438145
-16.625_-41.125,south_america,530,522,0.8037322466767974,0.5706101379110972
-16.625_-40.875,south_america,783,776,0.7402863255583702,0.44008506793487456
-16.375_-43.625,south_america,1197,1178,0.8313274219501091,0.4194910176245303
-16.375_-43.375,south_america,885,883,0.8375200007033456,0.4182355367918671
-16.375_-42.625,south_america,1251,1243,0.8479801209192436,0.4785342333349787
-16.375_-41.875,south_america,481,476,0.7722484514830715,0.20779914463904983
-16.375_-40.875,south_america,438,436,0.8165511489161008,0.6412403838667738
-16.375_-40.625,south_america,782,775,0.597493472946748,0.4206717087152485
-16.125_-44.125,south_america,998,995,0.5813589452937769,-0.01293012623649738
-16.125_-42.375,south_america,179,177,0.6578560394442471,0.33466179741614377
-16.125_-40.375,south_america,1202,1190,0.5494598484058445,0.2699801399020299
-15.875_-43.375,south_america,549,547,0.8956411473174152,0.30366036001326513
-15.875_-42.125,south_america,1362,1352,0.8442124319048218,0.3963096302561588
-15.875_-40.125,south_america,842,836,0.7292648525949952,0.5184184252610272
-15.625_-42.875,south_america,791,789,0.8820864607562173,0.3988999372397536
-15.625_-41.375,south_america,624,620,0.8667790109266937,0.5479193789193536
-15.625_-41.125,south_america,981,971,0.8714513731644322,0.590381931363024
-15.375_-44.625,south_america,1383,1373,0.8809732702614818,0.4236944685918771
-15.375_-44.375,south_america,252,242,0.5771619076601014,0.42441431996433676
-15.375_-42.625,south_america,707,683,0.9126721919856128,0.5083897926886541
-15.125_-42.875,south_america,1055,1045,0.923575915817749,0.5659995724005207
-15.125_-41.625,south_america,741,732,0.5192055103969091,-0.03918099939181663
-15.125_-40.625,south_america,367,366,0.7914361972582469,0.3284334453470391
-15.125_-40.125,south_america,274,272,0.746032486513524,0.44978588656150875
-14.875_-44.125,south_america,913,910,0.8679117768563441,0.4308825997781056
-14.875_-43.875,south_america,830,818,0.6515821209810219,-0.018175958750603155
-14.875_-42.625,south_america,726,720,0.7714524279860686,0.5318631831308054
-14.875_-41.875,south_america,686,677,0.8083718673175223,0.4540166571134823
-14.875_-41.125,south_america,579,578,0.7030834141760118,0.36087909981778943
-14.875_-40.625,south_america,1260,1235,0.7000926269466073,0.4206585293320535
-14.625_-42.625,south_america,746,737,0.8324859858159827,0.4700179970915014
-14.625_-41.875,south_america,1022,997,0.8288490226550096,0.47328411061291864
-14.625_-41.375,south_america,778,769,0.799306902513136,0.38261832553913183
-14.625_-40.625,south_america,1337,1329,0.7321655977864662,0.32216703617288556
-14.625_-40.375,south_america,677,665,0.6696287243861201,0.3197860114550237
-14.375_-44.625,south_america,575,547,0.8324525579452581,0.4188905587105084
-14.375_-44.375,south_america,185,184,0.80147755475771,0.12336211492778303
-14.375_-42.875,south_america,1038,1022,0.7794535725730545,0.5438218737669623
-14.375_-42.375,south_america,839,826,0.8615933061061892,0.4813461342440965
-14.375_-42.125,south_america,781,774,0.8121139126330058,0.5068086292214966
-14.375_-41.375,south_america,760,758,0.8389104917600264,0.565110156716593
-14.375_-40.875,south_america,790,787,0.5046051746092451,0.13507666620459163
-14.375_-40.375,south_america,746,732,0.7058378844820387,0.4099954896449555
-14.125_-42.875,south_america,1338,1331,0.8489582040069497,0.44108356551593214
-14.125_-42.375,south_america,455,453,0.7159078911255533,0.4787748219832511
-14.125_-41.125,south_america,145,130,0.9238966246153233,0.13380285910226772
-14.125_-40.375,south_america,1274,1234,0.6514556670979833,0.24842522155497107
-13.875_-42.625,south_america,146,140,0.9398699305181152,0.4156409297301889
-13.625_-42.875,south_america,1180,1140,0.8498566974865265,0.37630401276716335
-13.625_-42.375,south_america,1331,1324,0.8229348529161876,0.5113654973431587
-13.625_-41.875,south_america,1188,1172,0.7552843780106256,0.29254672074576415
-13.625_-41.375,south_america,578,576,0.6405246258155738,0.4638170124655568
-13.625_-40.125,south_america,788,784,0.11366161828680858,0.30330079762531775
-13.375_-43.625,south_america,327,325,0.836987143608929,0.32060348713947384
-13.375_-42.375,south_america,652,648,0.7611447138216656,0.507239810240961
-13.375_-41.625,south_america,1311,1303,0.7458110606812154,0.21535933653214126
-13.375_-41.375,south_america,1346,1342,0.7740547795114097,0.49518176349258974
-13.375_-40.875,south_america,620,617,0.7963492430646684,0.4983947514303882
-13.375_-40.125,south_america,1313,1299,0.3371064593025729,0.40954042993537537
-13.375_-39.875,south_america,1322,1317,0.5195999508073362,0.3263159599194082
-13.375_-39.625,south_america,880,870,0.49935019898900496,0.4791122613470743
-13.125_-41.875,south_america,799,776,0.6604244510521503,0.36552023961795943
-13.125_-40.875,south_america,789,785,0.5372572153853862,0.42509983237182797
-13.125_-40.125,south_america,1321,1305,0.5008766841502864,0.39760197999298197
-13.125_-39.625,south_america,384,379,0.5994702472919903,0.44517633645095395
-12.875_-43.375,south_america,699,674,0.8960786772398666,0.4326969639833022
-12.875_-42.625,south_america,353,343,0.7517335976170639,0.3450022702451556
-12.875_-41.375,south_america,359,341,0.8342002299635767,0.41626500426038815
-12.875_-41.125,south_america,811,805,0.6133066712738237,0.2882009853047449
-12.875_-39.375,south_america,1195,1191,0.680117785669566,0.49519234107570037
-12.625_-43.875,south_america,420,413,0.8758146769500852,0.3871755605065025
-12.625_-43.125,south_america,746,726,0.7251722516938249,0.42194170510699774
-12.625_-42.125,south_america,396,379,0.8859833356091341,0.3586836263143152
-12.625_-41.625,south_america,1288,1260,0.7118617569869529,0.27482321590558484
-12.625_-41.125,south_america,1350,1348,0.43975883175253877,0.26443447853062835
-12.625_-40.625,south_america,535,514,0.7808011338440843,0.47192391625566255
-12.625_-39.875,south_america,726,670,0.6696521730917435,0.030857105249561003
-12.625_-39.125,south_america,1319,1313,0.6350033537187334,0.39229309012790436
-12.375_-42.875,south_america,1228,1219,0.7886282291231181,0.3841835082373983
-12.375_-40.875,south_america,148,141,0.8869939044515989,0.5165627076791316
-12.375_-39.375,south_america,909,882,0.7254317728353382,0.37378281469995145
-12.375_-39.125,south_america,500,491,0.642476660392691,0.36714182785205834
-12.125_-43.125,south_america,420,405,0.8052466517282503,0.34414651101991545
-12.125_-41.125,south_america,441,437,0.7054643908165567,0.6065960042672536
-12.125_-40.125,south_america,823,816,0.6810975082343989,0.2372291516749447
-12.125_-39.875,south_america,598,592,0.7250265606748262,0.20551153469541655
-12.125_-39.125,south_america,666,651,0.8120381579432112,0.6035302934646919
-11.875_-42.625,south_america,422,415,0.857105234209126,0.44164205883204954
-11.875_-42.125,south_america,1143,1092,0.5092611931896244,0.45798174632674754
-11.875_-41.875,south_america,1222,1213,0.5977276673961156,0.2995274314060476
-11.875_-41.625,south_america,476,464,0.7825585130385522,0.2952287736565491
-11.875_-40.875,south_america,277,272,0.8350037670422282,0.7200990668048551
-11.875_-40.625,south_america,1283,1258,0.47228793149155684,0.4458369523046247
-11.875_-40.375,south_america,1315,1286,0.658397793052003,0.4697145005234814
-11.875_-39.875,south_america,677,666,0.7252450299843543,0.2927881526354216
-11.875_-38.875,south_america,1359,1333,0.5989094997643469,0.34267055497950766
-11.625_-43.375,south_america,339,326,0.8311922484279681,0.4237994574883319
-11.625_-41.875,south_america,851,846,0.8184088906212366,0.4992670841997497
-11.625_-40.125,south_america,810,798,0.7467079744652122,0.5225650270866966
-11.625_-39.875,south_america,856,819,0.6344109722291756,0.2932333893177272
-11.625_-39.625,south_america,692,689,0.7383744171037552,0.5804194661783232
-11.625_-39.375,south_america,620,615,0.6125530105570202,0.47579462759699165
-11.625_-38.875,south_america,1369,1363,0.6854413340064346,0.3844055858180516
-11.375_-42.625,south_america,641,620,0.832500515986322,0.2983959371253064
-11.375_-42.125,south_america,1271,1245,0.7196446872876854,0.4321734238435509
-11.375_-41.875,south_america,1274,1242,0.72420492258621,0.41222489639463256
-11.375_-41.375,south_america,770,745,0.7869906513882585,0.3980074004927833
-11.375_-40.375,south_america,1316,1298,0.5657140811660128,0.3762285867059515
-11.375_-39.625,south_america,829,821,0.7477832426912491,0.45284284529816876
-11.375_-39.375,south_america,983,962,0.4882052788594237,0.23128869534840868
-11.375_-38.375,south_america,428,427,0.6547815708207303,0.5116850554381899
-11.125_-43.125,south_america,126,117,0.9211986696372599,0.7615529255018304
-11.125_-42.125,south_america,904,893,0.6861077429922213,0.37095533858509705
-11.125_-41.875,south_america,1321,1304,0.6191585466279279,0.2922815967478313
-11.125_-40.875,south_america,1248,1207,0.6839985070117133,0.3634086396741362
-11.125_-40.125,south_america,942,927,0.6787410016737438,0.34849058638973324
-11.125_-38.375,south_america,685,679,0.7138585654905075,0.3669638767909189
-11.125_-38.125,south_america,1063,1042,0.5622553898190696,0.3888604432923756
-10.875_-42.625,south_america,698,694,0.3902417242771718,0.16070661756257187
-10.875_-41.875,south_america,760,758,0.6870074380429424,0.17053911316487874
-10.875_-40.625,south_america,245,235,0.8741965943688913,0.4279924997450094
-10.875_-40.375,south_america,1217,1206,0.4638605871377565,0.41397833120148675
-10.875_-38.875,south_america,431,408,0.6893621326158341,0.5213210290771425
-10.875_-38.625,south_america,119,111,0.4593346002387713,0.6690194444390876
-10.625_-41.375,south_america,891,859,0.7920903386722414,0.4597044497511318
-10.625_-40.125,south_america,1102,1074,0.6255678105263125,0.323751411851967
-10.625_-39.875,south_america,1175,1129,0.646813175078037,0.4166585436559448
-10.625_-39.125,south_america,356,354,0.47323759314514746,0.21048824987163814
-10.625_-38.625,south_america,409,394,0.3925772649684251,0.4537562512363585
-10.625_-38.375,south_america,471,467,0.5422338446784486,0.44429941790289496
-10.625_-38.125,south_america,1255,1214,0.4503900423191868,0.36025479475742167
-10.375_-38.375,south_america,410,376,0.7420991028677056,0.4596190395351686
-10.375_-38.125,south_america,465,461,0.3949914264520742,0.3359015510406478
-10.375_-37.875,south_america,1279,1262,0.722458376313801,0.4384280524578216
-10.125_-44.375,south_america,1155,1125,0.6539679466777797,0.28707074194123205
-10.125_-43.875,south_america,1168,1163,0.8326182008869502,0.4825512443182172
-10.125_-37.875,south_america,561,548,0.5934591348621008,0.2947610877613577
-10.125_-36.875,south_america,1042,1011,0.4966665718002715,0.1039554908278924
-9.875_-42.625,south_america,121,114,0.8836217250215382,0.49008323949999766
-9.875_-41.875,south_america,1153,1074,0.850243519721886,0.4994280389314209
-9.875_-39.875,south_america,384,365,0.7021784120749943,0.3382763971751999
-9.875_-39.375,south_america,1208,1173,0.6183082463566306,0.1193584029520775
-9.875_-38.375,south_america,1042,1018,0.7644330991129258,0.3409588022476655
-9.875_-37.375,south_america,419,403,0.4757971100844608,0.38456441493161436
-9.875_-36.875,south_america,247,231,0.45010492859862,0.45171910804113363
-9.625_-37.375,south_america,409,402,0.7042934622368222,0.26910554027467865
-9.625_-37.125,south_america,1171,1117,0.6887930647104206,0.3783109544159877
-9.375_-38.375,south_america,421,417,0.5201991763392582,0.321805569599722
-9.375_-38.125,south_america,1028,1021,0.5866254619296903,0.30631571624157977
-9.375_-37.625,south_america,816,793,0.647515178393928,0.37990839012524374
-9.375_-37.375,south_america,417,411,0.6296345058942452,0.35592126621457915
-9.375_-36.625,south_america,1020,1016,0.8546162576362358,0.3784749703733618
-9.125_-44.375,south_america,954,926,0.6400504353359278,0.03318819780680469
-9.125_-40.375,south_america,1248,1229,0.7381149904386379,0.4064358788640632
-9.125_-38.125,south_america,893,884,0.6383238289215449,0.3347486132306014
-9.125_-37.875,south_america,286,275,0.8001131821900269,0.5385373099888223
-9.125_-37.375,south_america,1304,1296,0.7351617924741393,0.21142204818047014
-9.125_-36.625,south_america,1368,1361,0.742980980313647,0.2731642129999619
-8.875_-40.375,south_america,686,682,0.6872997329617111,0.32308979795245607
-8.875_-39.875,south_america,466,440,0.7162998037842674,0.3558341227697511
-8.875_-39.125,south_america,537,531,0.5631832500567341,0.2337417061694221
-8.875_-37.875,south_america,597,587,0.3795736867197738,0.020625380685183492
-8.875_-37.625,south_america,685,654,0.7778849063015068,0.22533043680551962
-8.875_-36.875,south_america,856,841,0.6903855556820501,0.26398511767029154
-8.875_-36.625,south_america,644,619,0.5913740095787822,0.2265151223466475
-8.875_-36.125,south_america,238,228,0.74977728960706,0.5191344417445197
-8.625_-42.125,south_america,533,524,0.7335533608115588,0.3674326276396735
-8.625_-39.625,south_america,776,768,0.7359091311790278,0.44015686882863686
-8.625_-39.125,south_america,158,148,0.8909107948018535,0.4330041656253146
-8.625_-38.625,south_america,783,771,0.4807601656774644,0.3408367023809381
-8.625_-37.625,south_america,1257,1232,0.629479840601799,0.4089018827993954
-8.625_-36.875,south_america,414,406,0.690152261561298,0.2472479779794438
-8.625_-36.625,south_america,636,615,0.5286272789068633,0.24719002360655729
-8.375_-43.875,south_america,407,394,0.8811718895739796,0.1040204529596518
-8.375_-41.625,south_america,376,368,0.8359056840464285,0.35593600128637426
-8.375_-40.625,south_america,755,737,0.7650603459973808,0.2834136795947458
-8.375_-36.875,south_america,329,319,0.8406868475632733,0.27281675594172794
-8.375_-36.625,south_america,1326,1308,0.8387746496447221,0.2555292278736414
-8.375_-36.375,south_america,417,401,0.6084536233959207,0.30706062051937333
-8.125_-42.875,south_america,799,737,0.5576465363230609,-0.07230983766900424
-8.125_-42.125,south_america,855,829,0.8581541628710483,0.21003371985122088
-8.125_-40.875,south_america,570,543,0.8537536304259701,0.45432887164264946
-8.125_-40.625,south_america,445,436,0.5536846104362979,0.44414398874341005
-8.125_-39.625,south_america,1298,1289,0.727363747669522,0.44499960792622073
-8.125_-38.625,south_america,1207,1170,0.6654712646595529,0.19128210450454194
-8.125_-37.125,south_america,1169,1145,0.7091539855251224,0.3008678748895615
-8.125_-36.375,south_america,1336,1303,0.5646333511413096,0.10331833928273515
-8.125_-36.125,south_america,604,587,0.600739851681357,0.13884846376953305
-8.125_-35.875,south_america,981,959,0.6089178722817042,0.31477504329865835
-8.125_-35.625,south_america,492,479,0.46031603076279515,0.42957625903207625
-7.875_-41.875,south_america,364,362,0.8975950406234,0.38553679736075114
-7.875_-41.125,south_america,686,673,0.4944550430186664,0.25858949341562
-7.875_-40.125,south_america,770,757,0.5132879110220513,0.27733777072187493
-7.875_-39.875,south_america,1045,1008,0.6994564541377749,0.09232796469189768
-7.875_-39.375,south_america,554,534,0.652580718551097,0.3163878994291333
-7.875_-37.375,south_america,242,239,0.2170570847076546,-0.025392934915655103
-7.875_-37.125,south_america,786,776,0.487640966744328,-0.022127804291358775
-7.875_-36.875,south_america,1083,1051,0.5822950679257616,0.20520463538616143
-7.875_-36.125,south_america,832,792,0.700849403584373,0.19382100450796452
-7.875_-35.875,south_america,1143,1114,0.6719590286394034,0.10492644996303077
-7.875_-35.625,south_america,494,483,0.6350201709763349,0.3895448291903759
-7.625_-44.125,south_america,239,237,0.8347182570960964,0.3521017493565565
-7.625_-40.875,south_america,456,441,0.7690241377546406,0.37101836147773065
-7.625_-40.125,south_america,326,305,0.6529440008328647,0.21782882028898484
-7.625_-39.625,south_america,809,802,0.5908545023817395,0.2845194095860744
-7.625_-38.875,south_america,684,662,0.721314124602878,0.4701403533259236
-7.625_-38.375,south_america,902,894,0.7683639570645835,0.2242055356876754
-7.625_-37.875,south_america,672,658,0.6868991795491032,0.07981204488748987
-7.625_-37.375,south_america,1242,1218,0.712754724603942,0.33296002323465307
-7.625_-36.125,south_america,1207,1183,0.595993381606114,0.2623104898584355
-7.625_-35.875,south_america,862,834,0.43366795882037823,0.15391724924574765
-7.375_-41.875,south_america,327,322,0.8978731459913132,0.43265018358335083
-7.375_-41.125,south_america,220,209,0.8982746731229576,0.32971382108416797
-7.375_-39.375,south_america,623,614,0.8019986913196125,0.27598710606296
-7.375_-39.125,south_america,441,435,0.7604374113546014,0.32267854837448967
-7.375_-38.875,south_america,1201,1178,0.8534230580424969,0.3558522084428597
-7.375_-38.125,south_america,730,716,0.7073740780719568,0.22964996887951417
-7.375_-36.875,south_america,703,679,0.3895005202712716,0.3287474803519272
-7.375_-35.875,south_america,526,525,0.46981842235417026,0.1993258733496754
-7.375_-35.375,south_america,800,778,0.48745835858080483,0.3879496926490624
-7.125_-42.625,south_america,253,240,0.854694008739087,0.430137523817422
-7.125_-41.375,south_america,1120,1095,0.808656287613588,0.2135429250488598
-7.125_-40.875,south_america,876,851,0.7608812362413346,0.32225778581941134
-7.125_-40.625,south_america,1079,1007,0.761922235240142,0.24095642374318305
-7.125_-39.875,south_america,410,400,0.8620812545587606,0.4972066733847462
-7.125_-39.375,south_america,832,825,0.8103687670836266,0.36282225617330566
-7.125_-38.875,south_america,416,408,0.7534823315149928,0.3943410992595309
-7.125_-38.375,south_america,858,849,0.6004290633336221,-0.20410792641975087
-7.125_-37.375,south_america,920,906,0.7662359730048235,0.4019739347413424
-7.125_-36.625,south_america,795,775,0.5364249450139493,0.01747134061756995
-7.125_-36.375,south_america,1205,1200,0.6427719133302452,0.17184252857758392
-6.875_-42.625,south_america,1096,1068,0.6331494624010945,0.3384530376670815
-6.875_-42.375,south_america,381,370,0.7797280599577366,0.23528196799481926
-6.875_-41.625,south_america,344,332,0.6942991932976776,0.39814120836072814
-6.875_-39.875,south_america,483,477,0.82116130317871,0.27376507634751296
-6.875_-39.375,south_america,164,157,0.7011041897342813,0.4956015854410115
-6.875_-38.875,south_america,439,436,0.7979867943745553,0.3104139154166522
-6.875_-38.375,south_america,653,596,0.6269283240030097,0.4234011651272818
-6.875_-37.875,south_america,874,847,0.6859611536617833,0.19570590083898798
-6.875_-37.375,south_america,761,759,0.6574222378349149,0.34818481080835423
-6.875_-37.125,south_america,1093,1085,0.6781473498966764,0.27912743245571786
-6.875_-36.625,south_america,955,943,0.6760350965286536,0.34766793840264365
-6.875_-35.875,south_america,730,728,0.5386882542853999,0.10616512154676487
-6.625_-41.625,south_america,292,286,0.765893377418681,0.24004581398465274
-6.625_-38.625,south_america,1194,1166,-0.04927969033400586,0.09927761739534556
-6.625_-38.375,south_america,211,209,0.6991691579084653,0.37671444680062716
-6.625_-37.625,south_america,679,657,0.7570474582650191,0.4460562834771118
-6.625_-36.875,south_america,887,855,0.6255312161183253,0.30883433800505944
-6.625_-36.625,south_america,1225,1213,0.3411108715203384,0.20368635144171338
-6.625_-36.375,south_america,1058,1035,0.6393672447326613,0.3999365044304332
-6.625_-35.625,south_america,638,636,0.3577188445626607,0.1430033155243994
-6.375_-39.375,south_america,381,375,0.788216846195981,0.35717081112051385
-6.375_-39.125,south_america,103,91,0.5515136040986053,0.43579713866563985
-6.375_-37.625,south_america,680,658,0.6876954947440106,0.20889395256467216
-6.375_-37.125,south_america,1151,1129,0.5829282375971065,0.24949513842094007
-6.375_-35.375,south_america,953,929,0.6953669550564981,0.3658812324106078
-6.125_-41.375,south_america,812,775,0.8147329958409597,0.13170805842808744
-6.125_-39.875,south_america,987,971,0.274863216441395,0.05830458554569601
-6.125_-39.625,south_america,980,977,0.5479815375885424,-0.11260628363802555
-6.125_-39.125,south_america,173,167,0.5294153849674097,0.06748338271902694
-6.125_-38.625,south_america,688,669,0.7738291479006654,0.38364336458288906
-6.125_-38.125,south_america,739,723,0.7082921872765199,0.2748538568993202
-6.125_-37.875,south_america,642,624,0.8809460476979194,0.3058633149705865
-6.125_-36.375,south_america,813,764,0.6495264561105661,0.3958073186647492
-5.875_-38.625,south_america,1170,1119,0.6062709073684565,0.25158504521762826
-5.875_-38.375,south_america,132,125,0.3825687346208973,0.09791437783973561
-5.875_-37.625,south_america,705,697,0.7659467794281427,0.4828695919470895
-5.875_-37.375,south_america,1053,1026,0.739959625684215,0.26133384395622533
-5.875_-35.625,south_america,632,626,0.5911147016137017,0.25403520800344565
-5.625_-39.625,south_america,433,419,0.6424297850658276,0.39815242717557936
-5.625_-39.125,south_america,647,637,0.5572587630427034,0.23126740046723251
-5.625_-38.875,south_america,375,363,0.776103474414239,0.4507838624038705
-5.625_-38.375,south_america,196,188,0.4481364301617194,0.23573096710847918
-5.625_-36.625,south_america,498,492,0.6631207517671661,0.24464371102469573
-5.625_-35.625,south_america,782,776,0.6182234477053898,0.1954145190514971
-5.375_-41.625,south_america,425,412,0.8927524844844758,0.38092397342944584
-5.375_-41.375,south_america,469,460,0.7525829576748807,0.305564061275279
-5.375_-40.875,south_america,455,452,0.7542098197686437,0.3058619490252014
-5.375_-39.625,south_america,1109,1097,0.8058762727622398,0.32398193951449533
-5.375_-38.375,south_america,590,578,0.7026778772230171,0.45940227234377
-5.375_-38.125,south_america,315,303,0.7951450589623844,0.48628956478726887
-5.125_-39.875,south_america,557,523,0.7508995504797004,0.323612035148053
-5.125_-38.875,south_america,463,451,0.8715677879604702,0.3880729656037368
-5.125_-38.375,south_america,423,412,0.790399734640956,0.34056069739712075
-5.125_-36.125,south_america,267,264,0.72412499322236,0.36420090192783694
-4.875_-40.375,south_america,153,152,0.7025165138220842,0.44892666273466275
-4.875_-39.625,south_america,214,213,0.5171264598712013,0.1298683139774832
-4.875_-39.125,south_america,335,262,0.8635621315423317,0.3775234757800462
-4.875_-38.625,south_america,565,549,0.7406977057166539,0.3569173012692958
-4.875_-38.125,south_america,787,776,0.8088869058071981,0.38563556746886923
-4.625_-39.625,south_america,1064,1030,0.7626502377914297,0.14512988064557733
-4.625_-38.875,south_america,700,679,0.8010377086849149,0.5181973063383112
-4.625_-38.625,south_america,592,581,0.8461221891969855,0.4917989773484072
-4.625_-37.875,south_america,353,332,0.8345633308360749,0.10606237465462624
-4.625_-37.375,south_america,1146,1106,0.759612136620243,0.24019428787549857
-4.375_-41.375,south_america,561,559,0.8358537098435974,0.5295112955943534
-4.375_-38.875,south_america,363,346,0.718554134377365,0.32187236438135475
-4.375_-38.625,south_america,402,387,0.8570938143780807,0.338051521527852
-4.125_-40.875,south_america,290,274,0.7863057401798245,0.178707522252868
-4.125_-40.625,south_america,940,924,0.803857654111376,0.1760732781469722
-4.125_-39.375,south_america,1142,1098,0.8747974322370687,0.3767975055495881
-4.125_-39.125,south_america,961,948,0.8286327740785241,0.29973360924982007
-4.125_-38.625,south_america,639,623,0.802483628575101,0.4536935356216039
-3.875_-41.625,south_america,852,819,0.7664360838939597,0.3558210107791595
-3.875_-41.375,south_america,374,362,0.7788604425931367,0.41799878904713533
-3.875_-40.625,south_america,504,466,0.8598922219655232,0.3231007603225288
-3.875_-40.125,south_america,1210,1190,0.8791249395375451,0.32939961279657354
-3.875_-39.625,south_america,409,395,0.8238884145711078,0.3038411082350274
-3.875_-39.375,south_america,1172,1140,0.8175842672555108,0.2829401317530774
-3.625_-40.875,south_america,786,769,0.8428967232173392,0.31192256230888854
-3.625_-40.625,south_america,1148,1103,0.9109398291986549,0.24668677375084636
-3.625_-39.625,south_america,1130,1087,0.8322823997106197,0.29711859698354365
33.875_-109.875,north_america,2137,2042,0.7000674512407007,0.36715823533903374
33.875_-109.625,north_america,4422,4246,0.7361667871134187,0.4893956222737571
34.375_-111.375,north_america,3279,3154,0.5467946196866845,0.4039952173362975
34.625_-111.375,north_america,5014,4783,0.6766369359097234,0.44718592518934763
34.875_-111.625,north_america,4900,4728,0.7135357934391642,0.31104629206092854
35.125_-112.125,north_america,1167,1122,0.7878121043784624,0.5124307448971609
35.375_-112.125,north_america,2988,2896,0.7758737216890461,0.49786270112324904
35.375_-111.625,north_america,2288,2220,0.6663246536220009,0.4529147573529835
35.625_-105.875,north_america,2460,2325,0.6142079821929409,0.5050695518672832
35.875_-106.375,north_america,2070,1936,0.3302115426651636,0.3969100608747553
35.875_-105.875,north_america,1580,1484,0.4627655129056693,0.35920056127661015
35.875_-105.625,north_america,2031,1920,0.314265883944771,0.11915862235898385
36.125_-115.625,north_america,5588,5456,0.5310348079109435,0.36829876208141865
36.125_-108.875,north_america,3514,3310,0.4198566862151826,0.31888370000306104
36.125_-106.875,north_america,2847,2721,0.6088823515297694,0.38407670927677107
36.125_-106.625,north_america,1456,1394,0.8044825519086352,0.47832832992561747
36.125_-105.625,north_america,2642,2541,0.5684177268838876,0.36685284472980917
36.375_-115.625,north_america,3880,3772,0.46335977717535237,0.26623084871323655
36.375_-105.375,north_america,2956,2840,0.48905012298806444,0.23472989582165482
36.625_-106.375,north_america,1987,1895,0.34995157019460765,0.3852997639811562
36.625_-105.375,north_america,3254,3120,0.39414238315100486,0.2199409339198269
36.875_-105.125,north_america,865,831,0.6501181824624218,0.39245185414418526
37.125_-105.125,north_america,2296,2189,0.3023744570274892,0.20329580864538022
37.375_-113.875,north_america,3992,3878,0.6969320685533631,0.47815087073459994
37.375_-113.375,north_america,1275,1225,0.6285002685540354,0.48074220018876684
37.375_-112.625,north_america,3401,3294,0.7260762895148405,0.543388419661479
37.375_-106.875,north_america,2309,2210,0.6963841624500264,0.3409831423883565
37.375_-106.625,north_america,1378,1316,0.6672542490197624,0.49448927499868556
37.625_-113.375,north_america,1905,1805,0.7285735735742318,0.4831985561721428
37.625_-113.125,north_america,3066,2897,0.5833890506160814,0.41000589520241365
37.625_-112.875,north_america,3001,2877,0.7608901160628542,0.42730977469053016
37.625_-112.625,north_america,2873,2777,0.7147867432222529,0.37524250704805984
37.625_-112.375,north_america,2061,1975,0.7550624129263359,0.4671658145422961
37.625_-108.125,north_america,2721,2545,0.5243986381834373,0.3041728415853776
37.625_-107.875,north_america,2352,2286,0.4072886599053669,0.40818757905596853
37.625_-107.375,north_america,1722,1662,0.337018764836345,0.2286479852710238
37.875_-111.875,north_america,2740,2634,0.6901240492033451,0.4115458189446432
37.875_-110.875,north_america,2285,2199,0.2568753348296089,0.3514245773049692
37.875_-109.375,north_america,3100,2979,0.5725207740146221,0.4046190842791555
37.875_-108.125,north_america,2993,2878,0.7357201738364564,0.4911819421560787
37.875_-107.875,north_america,1827,1744,0.67532622514432,0.371225865902226
37.875_-107.625,north_america,96,84,0.5215604135349445,0.4226901807314663
37.875_-107.125,north_america,2436,2313,0.4121043389744164,0.24019802607003865
37.875_-105.375,north_america,2519,2381,0.6806189501608179,0.5081578604536776
38.125_-119.125,north_america,2708,2576,0.5678444139787417,0.04788892417561655
38.125_-112.125,north_america,2375,2304,0.43593378142520495,0.379876992233972
38.125_-111.375,north_america,1866,1815,0.5489417203644429,0.39906031938475267
38.125_-110.875,north_america,2250,2184,0.31225734873451355,0.36731851438794905
38.125_-106.625,north_america,2035,1959,0.6655861130043348,0.4695904370211174
38.375_-119.625,north_america,2719,2636,0.8628501450270435,0.18970947976955768
38.375_-119.375,north_america,2285,2191,0.8225341447949722,0.3321677875800616
38.375_-112.375,north_america,2924,2785,0.31596229257895736,0.13369044936521612
38.375_-112.125,north_america,2751,2642,0.6180152388929672,0.3835184345829383
38.375_-109.375,north_america,3093,2941,0.3239832616945685,0.2909521552343082
38.375_-106.375,north_america,1634,1586,0.35162140556083643,0.28152303854557365
38.625_-120.125,north_america,1965,1851,0.4525941441109904,0.49656294555494934
38.625_-119.875,north_america,2775,2689,0.5502414120682205,0.031106090524339745
38.625_-119.625,north_america,2785,2675,0.7769180959866395,0.38486835227630417
38.625_-112.375,north_america,486,450,0.8077535737445619,0.3206210494331971
38.625_-112.125,north_america,1283,1238,0.6804081655689967,0.42265323421507905
38.625_-111.875,north_america,2645,2541,0.7383204739064934,0.4736336161409365
38.625_-111.625,north_america,2586,2458,0.6696005499104767,0.37440855719694144
38.875_-120.125,north_america,2735,2658,0.7604021388898619,0.24134794387781133
38.875_-119.875,north_america,3285,3136,0.6480199294377887,0.1452221663610842
38.875_-115.375,north_america,117,110,0.7722616543024766,0.051191831106898074
38.875_-112.125,north_america,2933,2769,0.7501400354496023,0.4113367879043294
38.875_-111.625,north_america,2992,2862,0.7852045534963442,0.3041241823262684
38.875_-106.875,north_america,2987,2855,0.6021212340851699,0.3540636223929148
38.875_-106.625,north_america,2003,1927,0.5440838036893064,0.2231034580759595
39.125_-120.375,north_america,2425,2275,0.8088349364059988,0.23583950533775258
39.125_-120.125,north_america,2720,2652,0.8964488934715966,0.4742342601233991
39.125_-119.875,north_america,2891,2685,0.5298541265808977,0.3431272268125311
39.125_-114.875,north_america,2162,2097,0.49578010251614635,0.3835862268027985
39.125_-114.625,north_america,1900,1816,0.36856908345507816,0.3202787086751097
39.125_-114.375,north_america,1387,1294,0.21508940057587145,0.3238717325607183
39.125_-111.625,north_america,3003,2875,0.6976330008522558,0.21732192315656754
39.125_-111.375,north_america,2640,2529,0.6654771352271305,0.2158658179962008
39.125_-107.875,north_america,1189,1118,0.490777203440815,0.20105822404864052
39.125_-107.125,north_america,1503,1400,0.5253590088070383,0.5304228197322158
39.125_-106.625,north_america,566,535,0.4091274107023514,0.46091498161093175
39.125_-106.125,north_america,2748,2641,0.7100020306768967,0.5623691893888084
39.375_-120.375,north_america,2760,2693,0.6355886368564819,0.09841146021875365
39.375_-120.125,north_america,2267,2211,0.8365753934258158,0.4999059158375298
39.375_-119.875,north_america,2960,2844,0.6593064564595958,0.18274572599882527
39.375_-117.625,north_america,3542,3417,0.7656285481597285,0.5056643558788251
39.375_-117.125,north_america,2441,2328,0.27520652919987715,0.1906048544278273
39.375_-115.875,north_america,2752,2634,0.5969302321483582,0.34993430667658315
39.375_-114.625,north_america,2854,2742,0.7496979064953239,0.4215176842832224
39.375_-112.125,north_america,1830,1747,0.6573332394356128,0.36004712710996895
39.375_-111.625,north_america,4635,4493,0.5870699160531218,0.4443641100248925
39.375_-111.375,north_america,2635,2510,0.6021195958428827,0.14409986267320465
39.375_-111.125,north_america,1673,1605,0.7878377860733825,0.4820913095355042
39.375_-109.625,north_america,2426,2366,0.6577510541482912,0.49045918410949
39.375_-106.625,north_america,146,136,0.2666917590697438,-0.07585383160037998
39.375_-106.125,north_america,3188,3052,0.659094040957489,0.28155413445133165
39.375_-105.875,north_america,2878,2734,0.6148644040104251,0.2506943940846274
39.625_-115.875,north_america,2710,2605,0.6491974109152194,0.327385472758756
39.625_-114.625,north_america,2614,2533,0.5766416366665239,0.3237074117415554
39.625_-113.875,north_america,1956,1827,0.4747296141806445,0.20131671701760723
39.625_-111.375,north_america,2543,2409,0.7303323109822295,0.4150050580907924
39.625_-110.375,north_america,2538,2450,0.5416782092305046,0.31146607219322475
39.625_-106.125,north_america,2721,2616,0.15353385386099755,0.30360034683619486
39.625_-105.875,north_america,2219,2146,0.6457959994631405,0.37597867571799326
39.875_-112.375,north_america,3079,2938,0.47610259139295275,0.27372812116451234
39.875_-111.625,north_america,2904,2779,0.7233196907975954,0.35640097308592983
39.875_-111.375,north_america,2823,2706,0.8366711512110018,0.35354502804314575
39.875_-110.875,north_america,1669,1596,0.7669084199057846,0.4222318469927928
39.875_-110.625,north_america,2488,2394,0.6233166888077738,0.4620130775697049
39.875_-107.625,north_america,3149,2994,0.7566304607252441,0.3920844283675364
39.875_-106.125,north_america,2396,2291,0.2026674986603792,-0.014116633581693898
39.875_-105.875,north_america,2051,1944,0.7037015068778981,0.3339222271773515
40.125_-111.375,north_america,2741,2650,0.8757503870083756,0.5421707058541482
40.125_-111.125,north_america,982,947,0.8395058139935714,0.42748338630181015
40.125_-106.625,north_america,1860,1821,0.575086796725199,0.38589516970532206
40.125_-105.875,north_america,886,825,0.31332429076851176,0.24201178593572167
40.125_-105.625,north_america,3375,3224,0.47444401260993124,0.28880609112616645
40.375_-116.875,north_america,2458,2354,0.5089385603613994,0.4005912246171104
40.375_-115.625,north_america,2644,2521,0.7888334005716657,0.47688622386930185
40.375_-112.625,north_america,2956,2759,0.3668021392875182,0.3381745989080614
40.375_-112.375,north_america,3100,2983,0.6750564290446303,0.42239177969028907
40.375_-112.125,north_america,1494,1454,0.4676157114632706,0.2953905630249148
40.375_-111.625,north_america,2898,2794,0.8632687866525334,0.5026741580465096
40.375_-111.375,north_america,1718,1651,0.8645204526609993,0.4927207798727477
40.375_-111.125,north_america,2422,2345,0.8281887944168373,0.49011715006923995
40.375_-106.625,north_america,255,246,0.6378188640446625,0.12409047575008558
40.375_-106.375,north_america,2799,2627,0.674125017842139,0.33047605169252975
40.375_-105.875,north_america,2002,1930,0.5222294271056407,0.08421108993978717
40.625_-120.625,north_america,2665,2601,0.6724637170222458,0.2448047449829073
40.625_-115.375,north_america,2317,2222,0.6375657241637464,0.2519068019916844
40.625_-112.125,north_america,3052,2890,0.6408814721002456,0.47329603984382546
40.625_-111.625,north_america,2602,2492,0.7187286436045444,0.45239431068637337
40.625_-111.125,north_america,2403,2317,0.8560207180558169,0.5397833957592914
40.625_-110.875,north_america,1731,1651,0.7929664868638052,0.4473008620667873
40.625_-110.625,north_america,2227,2154,0.674838946357294,0.39899060519530966
40.625_-110.375,north_america,2214,2129,0.660767783704653,0.4612266046215422
40.625_-109.875,north_america,1691,1617,0.4823104934552586,0.1773431491076318
40.625_-109.625,north_america,2448,2373,0.6984112251575008,0.3930114003330675
40.625_-106.875,north_america,3578,3431,0.8545714968393621,0.5487397077545779
40.625_-105.875,north_america,1701,1628,0.6226887218159165,0.39600292517263314
40.875_-117.625,north_america,2817,2683,0.5971675408008503,0.44219342791401645
40.875_-115.125,north_america,2651,2575,0.6296074298268518,0.2985932868035977
40.875_-111.875,north_america,3135,2997,0.8059912755137828,0.5185086408702843
40.875_-111.625,north_america,3401,3246,0.5878400421864675,0.31084733713961815
40.875_-111.125,north_america,2618,2520,0.7753029996349219,0.27644333572193147
40.875_-110.875,north_america,2449,2354,0.8381078479431965,0.40498745103383754
40.875_-110.625,north_america,2203,2101,0.7934272769510938,0.37120711056774974
40.875_-110.375,north_america,1998,1914,0.8025842964801824,0.5078631378649205
40.875_-110.125,north_america,2300,2191,0.5610898387940512,0.286790804254725
40.875_-109.875,north_america,1255,1190,0.6780089324054359,0.41735340972988694
40.875_-106.625,north_america,3767,3624,0.742995366958609,0.4082296672277886
41.125_-116.125,north_america,1799,1761,0.6782473224173826,0.23674011506522424
41.125_-111.375,north_america,2745,2666,0.7893299239073132,0.42677700850228195
41.125_-107.125,north_america,906,860,0.812165956841183,0.5086203243349253
41.125_-106.875,north_america,2492,2351,0.679831801638981,0.4187275436585037
41.125_-106.625,north_america,1999,1879,0.612052163016024,0.37230010915709283
41.125_-106.125,north_america,2558,2370,0.5466827119438392,0.2686353721393228
41.125_-105.375,north_america,3646,3401,0.44875555358925,0.28255146972218054
41.375_-118.875,north_america,1427,1349,0.22879768223497038,0.2679165987902553
41.375_-116.375,north_america,2276,2181,0.6751270683947906,0.4291384074420073
41.375_-111.875,north_america,1911,1859,0.8715079296294521,0.5725779217292697
41.375_-111.625,north_america,1259,1183,0.8577870188724924,0.5962531192740026
41.375_-111.375,north_america,3509,3404,0.8786092678652506,0.4544897598150764
41.375_-107.375,north_america,379,368,0.8367318530810053,0.35888620009288785
41.375_-106.625,north_america,914,872,0.7437912971047995,0.2986221183484944
41.375_-106.375,north_america,1414,1293,0.4341253817547597,0.322909329976842
41.375_-106.125,north_america,1172,1117,0.7696119567073515,0.43840448800772175
41.625_-117.625,north_america,2567,2476,0.6552073854147671,0.47444286651155426
41.625_-116.125,north_america,2453,2341,0.669785016642514,0.26373903244026764
41.625_-115.875,north_america,2293,2229,0.8900252941942458,0.4950183668574597
41.625_-115.375,north_america,2487,2417,0.662616681952725,0.23235568142594526
41.625_-115.125,north_america,278,270,0.8488485673980624,0.587581120687576
41.625_-111.375,north_america,2469,2371,0.7902005504993419,0.5836495527598076
41.875_-120.625,north_america,916,887,0.7851132605381451,0.28626167897939253
41.875_-119.375,north_america,1556,1509,0.8207137712883702,0.2023315675864083
41.875_-118.125,north_america,2892,2809,0.6711855340700645,0.44471175970311805
41.875_-117.625,north_america,1753,1680,0.595739980070203,0.424721804006823
41.875_-116.125,north_america,2628,2548,0.8262187861087488,0.4619159554497734
41.875_-115.625,north_america,2392,2303,0.8577982576944856,0.48248960444655525
41.875_-115.375,north_america,2257,2181,0.7510102275276362,0.4827000514824561
41.875_-115.125,north_america,3439,3296,0.6425844795324284,0.22031113370642383
41.875_-113.375,north_america,3746,3643,0.7929821186501895,0.5399135098256347
41.875_-111.625,north_america,2587,2507,0.8577063987036466,0.4157970559005873
41.875_-111.375,north_america,2459,2366,0.8972766950949429,0.5764101052576525
42.125_-115.125,north_america,3393,3296,0.6967845601954624,0.52900580812734
42.125_-114.375,north_america,3379,3240,0.558457697965049,0.3809155902899255
42.125_-114.125,north_america,1994,1878,0.7823752273810711,0.4264136678329503
42.125_-111.625,north_america,2382,2256,0.8153149853408446,0.4958737316297684
42.375_-122.375,north_america,632,609,0.9191702389720762,0.5316807342919807
42.375_-120.875,north_america,762,728,0.9133725921229346,0.3789978836597413
42.375_-111.125,north_america,2648,2581,0.791679909798789,0.557605456453833
42.375_-110.875,north_america,2028,1963,0.8921777580627815,0.48289208052801413
42.375_-105.875,north_america,3457,3265,0.8202723437579211,0.23732308327283927
42.375_-105.625,north_america,3278,3073,0.5320583157686575,0.2639352484164459
42.625_-121.375,north_america,90,86,0.733886110155443,0.07964023601288298
42.625_-116.625,north_america,3990,3877,0.779769919571835,0.38941569213187394
42.625_-110.875,north_america,2621,2526,0.8773499285453066,0.5252879683342921
42.625_-109.375,north_america,3346,3204,0.7006223573716918,0.21258162705602304
42.625_-109.125,north_america,2256,2164,0.7901495319307709,0.5129776787683229
42.625_-108.875,north_america,336,323,0.8708494748578713,0.15696593402644698
42.875_-122.125,north_america,261,254,0.5273008832587084,0.17169819964763822
42.875_-121.125,north_america,604,580,0.7744907961385381,0.25883385511493145
42.875_-118.625,north_america,521,484,0.6674669719021317,0.49184725051100997
42.875_-116.875,north_america,3526,3410,0.7110546789047756,0.5173788593056055
42.875_-112.375,north_america,1439,1383,0.7100937858726437,0.5314385457424925
42.875_-112.125,north_america,657,634,0.8631036356791926,0.5865321636057803
42.875_-111.375,north_america,3579,3496,0.7822670205072153,0.44458492696901014
42.875_-110.625,north_america,1529,1457,0.9080121333491071,0.49437197892666734
43.125_-121.875,north_america,375,364,0.9225196309065185,0.46132994531042315
43.125_-111.625,north_america,3305,3186,0.8414681296414411,0.5080394492689467
43.125_-110.125,north_america,2575,2505,0.7514766836909278,0.18338707182673042
43.375_-116.875,north_america,1691,1633,0.6732917258377004,0.4450279887036192
43.375_-114.875,north_america,413,401,0.867479780862923,0.7189379079139773
43.375_-110.375,north_america,1701,1652,0.7584438480183895,0.3632002752602985
43.625_-122.625,north_america,834,785,0.8792816047733717,0.6415203171042863
43.625_-114.875,north_america,123,116,0.06259945969010257,0.3637225984043408
43.625_-114.625,north_america,362,351,0.8602228437067787,0.554747436085432
43.625_-114.125,north_america,1330,1301,0.8466413178033614,0.4299070422418568
43.625_-113.875,north_america,3085,3008,0.7619992465599124,0.475124436535433
43.625_-110.125,north_america,1643,1575,0.6888893852765747,0.34888832564912076
43.625_-109.375,north_america,388,378,0.8830537754009842,0.49198702038283404
43.875_-122.125,north_america,279,266,0.9352689183842283,0.6782712924070604
43.875_-121.875,north_america,110,101,0.8724481853085866,0.6838133777555344
43.875_-116.125,north_america,4482,4297,0.7282752454810473,0.5404103755848186
43.875_-115.625,north_america,279,263,0.908439562832586,0.5526852155140742
43.875_-115.125,north_america,2953,2844,0.7590597126472267,0.4711626349405377
43.875_-114.625,north_america,2384,2298,0.8632595663556533,0.4758309742406504
43.875_-114.375,north_america,3194,3126,0.7925241833859528,0.39097009420025725
43.875_-114.125,north_america,1422,1385,0.8804414668002968,0.5072297804930834
43.875_-110.875,north_america,1207,1145,0.795160838020111,0.5884120132048214
44.125_-118.875,north_america,618,598,0.7868134857581799,0.09022935996958614
44.125_-115.375,north_america,1666,1624,0.9402804858602288,0.6736022542127444
44.125_-113.375,north_america,2373,2270,0.4734679867111342,0.2087173579144418
44.125_-110.625,north_america,3621,3500,0.7204155996963544,0.3426474129013785
44.125_-110.125,north_america,132,123,0.25520023254811675,0.2763810901149886
44.375_-120.375,north_america,300,284,0.5434645094533874,0.25191922158798996
44.375_-119.875,north_america,241,220,0.6125292351463032,0.22545541814103265
44.375_-116.375,north_america,3039,2975,0.7717909575159907,0.21662799282919912
44.375_-115.125,north_america,2608,2531,0.9198655019384347,0.6386115605095419
44.375_-111.875,north_america,2860,2754,0.7780781874439651,0.5191836096649127
44.375_-111.375,north_america,1487,1453,0.913470211186418,0.7052656857418564
44.375_-110.625,north_america,1656,1603,0.8503772829017117,0.5674465656428551
44.375_-107.125,north_america,181,172,0.6954160615476823,0.3252102539797921
44.625_-118.375,north_america,595,578,0.792233078725903,0.5554107352519203
44.625_-111.875,north_america,297,287,0.8948868140362394,0.23094047730940692
44.625_-107.625,north_america,349,333,0.6036856209926608,0.2644611299240977
44.625_-107.375,north_america,200,186,0.34771670293677537,-0.028693222215516234
44.625_-107.125,north_america,449,431,0.6969477176976965,0.032777721058736956
44.875_-118.125,north_america,690,669,0.8157799940553844,0.4058698398071533
44.875_-116.125,north_america,3000,2931,0.716966919202064,0.4748699943730468
44.875_-107.625,north_america,263,246,0.7795610470192708,0.29761407337168544
44.875_-107.375,north_america,320,301,0.752967552690471,0.48612663812263535
45.125_-123.375,north_america,375,359,-0.03614304440833335,0.09952185423638861
45.125_-121.875,north_america,1060,1036,0.8605105991551609,0.3207578190832691
45.125_-121.625,north_america,323,307,0.7375817697354307,0.2583037620154404
45.125_-119.375,north_america,410,396,0.3157670155323954,0.0029044353091437383
45.125_-117.125,north_america,136,122,0.3260010034953243,0.12577516580251635
45.125_-109.875,north_america,469,458,0.7720628594951887,0.24305631019548882
45.375_-122.125,north_america,188,187,0.8116535230526556,0.7415900056209282
45.375_-121.875,north_america,634,618,0.7065069906492278,0.4368881661413472
45.375_-121.625,north_america,459,430,0.28199217055498926,0.4808698011426888
45.375_-117.125,north_america,506,466,0.21039773196761083,0.07282529735312386
45.375_-110.875,north_america,98,89,0.27175856840154816,0.4863869599991039
45.625_-122.125,north_america,192,190,0.9051737969343733,0.8285910969481313
45.625_-118.125,north_america,503,476,0.45393667993392517,0.19020751714735482
46.125_-117.875,north_america,2861,2720,0.781185779396511,0.5318529523452585
46.125_-117.375,north_america,4215,4114,0.7773359422327105,0.422395027139205
46.125_-114.625,north_america,855,819,0.5379629754138766,0.3714674814360031
46.125_-114.375,north_america,482,469,0.6713313206738665,0.2791514048155818
46.125_-110.375,north_america,184,175,0.7182982867966285,0.6843376551673462
46.375_-121.125,north_america,180,172,0.8375412174678094,0.27996418407440504
46.375_-115.875,north_america,3686,3600,0.8693705211629708,0.5101386020770974
46.375_-114.625,north_america,2830,2746,0.514502031056293,0.40545380518751206
46.375_-113.375,north_america,267,260,0.7928511106838582,0.34896843864382526
46.375_-110.625,north_america,547,530,0.751966194727527,0.19023171679606277
46.625_-115.625,north_america,3567,3495,0.8333024612163388,0.6880120764479168
46.625_-115.375,north_america,1147,1099,0.7088154458553235,0.6050357119172984
46.875_-121.625,north_america,711,684,0.6590265015887787,0.10109340379885695
46.875_-116.875,north_america,3821,3715,0.6791689788767432,0.47117185300871306
46.875_-116.375,north_america,1987,1935,0.8318551926595558,0.6480728414012185
46.875_-116.125,north_america,1201,1116,0.08413684197214055,0.0033462848365723163
46.875_-112.625,north_america,191,183,0.8610615028203327,0.5743239247413425
46.875_-110.625,north_america,187,180,0.6414380575480205,0.3680648478604553
47.125_-121.875,north_america,872,808,0.5663207570978819,0.20426426405437412
47.125_-120.375,north_america,848,818,0.6276478243294791,0.5314230184196032
47.125_-116.375,north_america,3615,3480,0.8143702950955382,0.5965431340617222
47.125_-114.375,north_america,337,325,0.7837443153307447,0.5993758167531038
47.375_-121.375,north_america,428,415,0.8470599319404428,0.31754691469998214
47.375_-121.125,north_america,112,108,0.8957652920754114,0.7885016692415285
47.375_-115.625,north_america,3300,3195,0.7612560711811248,0.42239819033717446
47.375_-112.875,north_america,199,191,0.6406294231566148,0.3445844557873066
47.625_-123.375,north_america,874,836,0.5605072419131465,0.24930213102723922
47.625_-115.875,north_america,1477,1416,0.7466468176370071,0.268694940973792
47.875_-123.375,north_america,1001,943,0.7982986245525423,0.4649093739698286
47.875_-117.125,north_america,5026,4910,0.7536829519789496,0.46931956375589245
47.875_-114.375,north_america,180,176,0.7505300647973007,0.4206354816078112
47.875_-112.875,north_america,166,160,0.7257552490864448,0.21596910134712166
48.125_-116.125,north_america,2773,2684,0.5748852043790659,0.36205861847301074
48.375_-120.875,north_america,279,268,0.552092867264716,0.011006306970991973
48.375_-119.125,north_america,626,602,0.35778685799087045,0.2833193903745725
48.625_-120.625,north_america,712,697,0.4485287248459054,0.5057376214500012
48.625_-119.875,north_america,585,572,0.6050200351679187,0.2955883315078704
48.625_-116.375,north_america,2654,2604,0.6077630259689468,0.5232337093648193
48.875_-121.625,north_america,604,557,0.4933872487201907,0.28449754978205705
48.875_-121.375,north_america,511,502,0.7477073843422296,0.5316051437053655
48.875_-121.125,north_america,478,451,0.7277249708975925,0.355023641450493
48.875_-118.875,north_america,784,762,0.8243603243462282,0.4997862645080926
59.125_-154.375,north_america,1195,1168,0.16824358024621494,0.10991565498916303
59.375_-151.875,north_america,2357,2297,0.3784682772287826,0.5145715148164073
59.625_-150.625,north_america,1862,1828,0.7109435772465849,0.6625940428008491
59.625_-135.125,north_america,993,963,0.5119778080007846,0.5374391538141979
59.875_-151.375,north_america,1897,1860,0.2853408403878295,0.12354153740788952
60.125_-149.625,north_america,1008,983,0.7046982599977716,0.7444733437760871
60.625_-150.375,north_america,3269,3217,0.29886294737857017,0.41543207347683303
60.625_-149.625,north_america,1636,1615,0.6279740537559191,0.608124849382252
60.875_-153.875,north_america,728,717,0.3140790601235899,0.47063934273037233
61.125_-145.625,north_america,1286,1268,0.3353537544139069,0.37424381347602176
61.375_-142.625,north_america,651,644,0.4680900686048219,0.49284692171380057
61.625_-159.625,north_america,1101,1083,0.14709335669589868,0.6258961611949292
61.625_-149.125,north_america,773,756,0.6062723347230022,0.5360033414373576
62.125_-150.125,north_america,2031,2004,0.7675922979265547,0.6395933967990172
62.125_-142.125,north_america,512,506,0.6612624215927114,0.5395051481608427
62.375_-145.375,north_america,686,679,0.41940026962956173,0.5260110551984849
62.625_-150.875,north_america,1563,1523,0.29019335059878987,0.6162538755790636
62.875_-155.625,north_america,797,790,0.2624890681055949,0.5168117313886574
63.125_-145.625,north_america,614,602,0.7783261848862352,0.6645964893291904
63.375_-147.625,north_america,832,802,0.37229622953265784,0.42012080033108007
63.375_-143.125,north_america,689,682,0.5587577331553719,0.48417549547774635
63.875_-145.375,north_america,1900,1871,0.14076148224732102,0.5007563222803175
64.125_-141.375,north_america,712,697,0.0001297656534482436,0.05013505685418347
64.625_-163.375,north_america,464,445,0.4774455818658862,0.7113740511252675
64.625_-156.625,north_america,771,762,0.5080453605130681,0.5745933507874382
64.625_-148.875,north_america,1088,1073,0.19751525711594473,0.7148727745923422
64.875_-146.125,north_america,935,905,0.2146785560040555,0.6743837637981486
64.875_-141.125,north_america,712,705,0.33926061409066266,0.20462897527792498
65.125_-146.625,north_america,1162,1144,0.4084011586266828,0.5963677487034856
65.125_-145.875,north_america,1070,1055,0.17434933489844262,0.6323674999900828
65.375_-146.625,north_america,1609,1579,0.23950887960343353,0.47096624357570677
65.375_-146.125,north_america,1068,1052,0.6059513014204668,0.6740720067108552
65.375_-145.375,north_america,1597,1550,0.3953414356822465,0.5494815868001229
66.625_-150.625,north_america,1787,1758,0.5764582996425008,0.49237888067539215
67.375_-150.125,north_america,1548,1524,0.18509483561637793,0.4494133126721979
67.875_-162.375,north_america,961,941,0.3820084772610197,0.6672577366078907
68.125_-149.375,north_america,1027,982,0.33300049054683417,0.6041876677964269
68.625_-149.375,north_america,681,623,0.6902902348946938,0.5192042570417587
70.375_-148.875,north_america,116,106,0.6063610452989912,0.26783416404065313
17.875_-67.125,north_america,2341,2312,0.30489378761389446,0.2609972862071444
18.125_-67.125,north_america,7769,7714,0.3605186284561202,0.25429581812683505
18.125_-66.875,north_america,2690,2602,0.3919473087553065,0.2781342223411023
18.125_-66.625,north_america,3498,3479,0.520820342512437,0.3015709281852628
18.375_-67.125,north_america,4030,4010,0.4080544947662289,0.24751135010214567
18.375_-66.375,north_america,2380,2324,0.4094141265883616,0.4076989426789986
19.625_-155.875,north_america,2219,2218,0.4110231419630176,0.1696887052664924
19.875_-155.625,north_america,5780,5779,0.5039804993419668,0.18877564205631053
19.875_-155.375,north_america,6572,6535,0.38185893541995664,0.3177531242020083
20.125_-155.625,north_america,5830,5826,0.5828557572523437,0.33149800497297915
25.625_-80.625,north_america,4938,4881,0.5596940552178875,0.4601085619414161
25.875_-81.375,north_america,4385,4354,0.62821677529425,0.47436826863715786
26.125_-97.875,north_america,2081,2063,0.7240312654612611,0.5513153416276454
26.625_-98.125,north_america,4377,4366,0.6819865416966081,0.5277905726717885
27.125_-81.375,north_america,2878,2844,0.4980060414628621,0.29968220689032
27.625_-97.875,north_america,1738,1733,0.7578491061045561,0.6209586154341653
28.375_-96.875,north_america,3034,3010,0.33984581423415106,0.5664743042519436
28.625_-80.625,north_america,4087,4055,0.35256059673840695,0.4582882691585692
29.125_-99.875,north_america,2598,2588,0.6256182534587844,0.542653324043437
29.125_-81.625,north_america,3503,3501,0.5845251596260072,0.48775557195704045
29.375_-103.125,north_america,5032,4997,0.5229018667896015,0.46032420618133274
30.125_-98.875,north_america,2952,2946,0.8112845357955778,0.6309476595880393
30.125_-98.625,north_america,2952,2946,0.7785523775433651,0.5141342478239909
30.125_-95.875,north_america,3193,3180,0.5506697439514929,0.5510401623877291
30.125_-94.375,north_america,756,720,0.5848759146894169,0.5626448243720166
30.125_-91.875,north_america,5146,5034,0.6127145214463932,0.5860269351746725
30.375_-98.875,north_america,2952,2946,0.8025779067962137,0.5237222465097774
30.375_-98.625,north_america,2952,2946,0.8270464785465291,0.5943148118817637
30.375_-88.625,north_america,3569,3445,0.6513257241138591,0.5458015734602167
30.375_-84.375,north_america,3138,3131,0.6315514006459815,0.4681186611793369
30.625_-98.125,north_america,5170,5101,0.7971217476610847,0.6225038345747815
30.625_-87.875,north_america,5141,5114,0.7128830379780847,0.6225302762566908
30.625_-87.625,north_america,3634,3599,0.7540787697018849,0.6761730765724697
30.875_-81.375,north_america,4914,4907,0.4188135530055012,0.5374734096514922
31.125_-87.625,north_america,3509,3475,0.7033861897022124,0.625849700124476
31.125_-85.125,north_america,2831,2812,0.7323427061464741,0.5763773609639589
31.125_-84.375,north_america,4018,4005,0.7352069504967373,0.6271400889603426
31.375_-96.875,north_america,1973,1919,0.7144929688453255,0.5958176014994107
31.375_-84.375,north_america,4447,4430,0.6186822356758614,0.6145418294192259
31.625_-110.625,north_america,4630,4587,0.7717402645597505,0.5347912829534546
31.625_-110.125,north_america,7088,7053,0.6861734719065163,0.44572770213160473
31.625_-109.875,north_america,807,802,0.6461098379535142,0.43891179692364696
31.625_-102.875,north_america,5231,5191,0.4983572742709934,0.44870203303471423
31.625_-100.625,north_america,2690,2664,0.55592857221024,0.39549978878840414
31.625_-94.875,north_america,2077,2073,0.8115458962083429,0.6985964303914438
31.625_-83.625,north_america,5110,5100,0.682814636506526,0.5941690907608581
31.875_-95.625,north_america,3724,3691,0.8609216893482824,0.6550694377905686
32.125_-111.125,north_america,5322,5313,0.614140154862306,0.4857074509135741
32.125_-100.125,north_america,5066,5018,0.7390005490842889,0.5934732465659736
32.125_-98.125,north_america,2041,2021,0.8214839569115288,0.6397096338666766
32.375_-105.375,north_america,3818,3712,0.5854849105512241,0.3165973744666371
32.375_-89.125,north_america,5312,5245,0.8366694108991168,0.656312480036606
32.375_-87.125,north_america,3256,3059,0.5728993691776612,0.5007810793208077
32.375_-86.875,north_america,3840,3809,0.7490112097794712,0.6450789307777025
32.375_-86.125,north_america,2230,2060,0.4572489198610263,0.3760016828762574
32.375_-85.875,north_america,3478,3426,0.362266007635266,0.5975430461284144
32.375_-85.625,north_america,3310,3294,0.6631751000730972,0.5068429016148818
32.625_-106.875,north_america,950,946,0.6036060118422123,0.5306894173828007
32.625_-106.625,north_america,5491,5465,0.6020674472122358,0.49597968753931365
32.625_-88.125,north_america,2154,2049,0.625327620446598,0.5556587883630738
32.625_-81.125,north_america,7418,7398,0.6943122119159062,0.608498798575096
32.875_-114.125,north_america,4016,3964,0.48854507611200165,0.572458091458852
32.875_-92.125,north_america,4988,4908,0.82999184629864,0.5526883726694435
32.875_-91.125,north_america,3319,3284,0.5844287272631198,0.4680905848947612
32.875_-90.875,north_america,3171,3092,0.6058170016461992,0.4248433973748144
32.875_-90.625,north_america,2890,2681,0.7589845304593451,0.550095273325055
33.125_-90.625,north_america,2917,2891,0.7975296650366271,0.6335034112962541
33.125_-88.375,north_america,1795,1665,0.40378859341974116,0.41292525745002684
33.125_-79.375,north_america,5083,5054,0.5934478882138357,0.5761558681130745
33.375_-117.125,north_america,5327,5321,0.8547370767278699,0.7249367966939964
33.375_-99.875,north_america,2508,2478,0.7684004010501924,0.5823091993725195
33.375_-90.625,north_america,1320,1193,0.3035846107819326,0.23181568564426935
33.375_-88.875,north_america,3507,3392,0.8060219687219852,0.5592435535759696
33.375_-85.625,north_america,4130,4081,0.6027050939790348,0.6226630217840619
33.375_-81.375,north_america,4058,4012,0.7716005508665986,0.7158902353014214
33.625_-115.125,north_america,2023,1997,0.6555574012576535,0.6369081496280056
33.625_-103.625,north_america,3062,3036,0.6587648807440397,0.49031338326029883
33.625_-103.125,north_america,3279,3220,0.6896293312044757,0.5502196996839088
33.625_-102.625,north_america,2867,2817,0.6804508531352832,0.4863460302542086
33.625_-102.375,north_america,3044,3001,0.7114806579737947,0.4840177139925804
33.625_-102.125,north_america,3130,3099,0.7373006842042531,0.5544828644524968
33.625_-91.125,north_america,4065,4023,0.6066307054612784,0.5433226773641169
33.625_-90.625,north_america,3543,3526,0.5779505165004993,0.597531837805658
33.875_-115.375,north_america,2867,2793,0.1603974092143495,0.4171745207659722
33.875_-102.875,north_america,4666,4590,0.5998436319128687,0.44487243701939466
33.875_-90.875,north_america,4314,4209,0.7633634756218229,0.4860872952477998
33.875_-83.375,north_america,6935,6900,0.8342241145024849,0.6949645950161357
34.125_-117.625,north_america,375,372,0.8898329795430129,0.6621401347056258
34.125_-117.125,north_america,758,755,0.8649041701144569,0.6938406930349352
34.125_-116.875,north_america,345,342,0.9295350587244,0.7181598395247114
34.125_-99.125,north_america,2238,2216,0.6972736108762371,0.6081889348052687
34.125_-90.375,north_america,5840,5538,0.43437297049861695,0.4014513203834426
34.125_-89.875,north_america,3494,3453,0.805789494917631,0.65227189925082
34.125_-87.375,north_america,4751,4710,0.7627910058931926,0.6781600658790421
34.125_-86.875,north_america,3025,2979,0.8317767252756076,0.7094384612673875
34.375_-119.875,north_america,4553,4523,0.8296132720938526,0.8003073547369149
34.375_-106.875,north_america,4873,4823,0.5120825098149788,0.41582079251607507
34.375_-106.625,north_america,3348,3280,0.6525128278023467,0.4521068215115605
34.375_-92.125,north_america,3634,3584,0.8135076080897572,0.6626847897631206
34.375_-91.375,north_america,3117,3014,0.7704902387227117,0.5768464372592021
34.375_-89.875,north_america,3720,3640,0.7944876157510716,0.622361305253885
34.375_-86.625,north_america,3955,3790,0.7924108744798198,0.6331454080062917
34.375_-86.125,north_america,2497,2464,0.7666162254245561,0.6780571781086414
34.375_-85.875,north_america,5428,5359,0.844857478555077,0.689800805303753
34.375_-79.625,north_america,7369,7286,0.6428353069897736,0.6838930863252095
34.625_-115.125,north_america,2500,2441,0.6713094133132183,0.5563844144023281
34.625_-90.375,north_america,4003,3865,0.6386859746481502,0.5196675399715985
34.875_-119.375,north_america,2795,2791,0.842415402749629,0.585591399053376
34.875_-106.875,north_america,4654,4578,0.5294881910456998,0.45468798551430917
34.875_-98.125,north_america,1829,1777,0.5903157983492603,0.461654603576291
34.875_-91.875,north_america,3396,3305,0.8135995064816773,0.6752145699102693
34.875_-90.875,north_america,2457,2345,0.7785908513417342,0.556262654482096
34.875_-89.375,north_america,4549,4249,0.7151599651826647,0.604443763906979
34.875_-87.875,north_america,4806,4735,0.5371485745642189,0.6301635454445562
34.875_-86.625,north_america,7426,7322,0.716111004843715,0.6896461585940998
35.125_-119.625,north_america,4167,4163,0.878142835784717,0.7195077891699283
35.125_-102.125,north_america,2369,2304,0.6078309581832247,0.5117906208289252
35.125_-96.625,north_america,372,356,0.6506726431981864,0.39146729848829404
35.125_-92.875,north_america,2955,2880,0.6615784223029268,0.6261818927892409
35.125_-86.875,north_america,3805,3659,0.7917128375603953,0.7003254543187096
35.125_-86.625,north_america,3352,3257,0.8439361223307583,0.6722246286203359
35.125_-86.125,north_america,4056,3976,0.7722355920131897,0.656523883379999
35.375_-115.625,north_america,2855,2838,0.4719782305589807,0.28232817364891166
35.375_-108.125,north_america,108,91,0.6566656986310649,0.5205643635128657
35.375_-98.875,north_america,2828,2744,0.6399137133546926,0.4216476377507576
35.375_-96.625,north_america,1102,1020,0.7729375605328804,0.12891784963028902
35.375_-90.375,north_america,3939,3830,0.7467397357778844,0.5495456697185633
35.375_-82.625,north_america,5049,4963,0.7312443773142784,0.6687178485917639
35.625_-98.125,north_america,5454,5337,0.6133713077871035,0.6013590124710971
35.625_-96.875,north_america,3438,3345,0.5362308720754091,0.5152672313483136
35.625_-96.125,north_america,860,751,0.751858854809722,0.3717112119364966
35.625_-95.875,north_america,869,844,0.37790493769554084,0.10265662874102617
35.875_-118.125,north_america,93,89,0.9756549956049597,0.8448165933166786
35.875_-112.375,north_america,4853,4740,0.6828828142370132,0.42212943029925015
35.875_-106.625,north_america,3529,3391,0.626832169559261,0.5678731623328869
35.875_-98.125,north_america,1816,1780,0.7614837383961214,0.6499954791408902
35.875_-97.125,north_america,2567,2494,0.7594425740128512,0.6203673512043278
35.875_-91.875,north_america,5193,5086,0.7690203649860426,0.6904996261566173
35.875_-90.875,north_america,375,366,0.6287298445632329,0.6045146902502995
35.875_-79.125,north_america,5089,5019,0.7744619917869314,0.6983689429988699
35.875_-76.625,north_america,4074,4009,0.7512959159219321,0.6719803672953754
36.125_-106.125,north_america,2613,2561,0.698860548057343,0.49190228168750444
36.125_-99.125,north_america,3626,3512,0.6584350825331274,0.4589236072759212
36.125_-98.625,north_america,1121,1088,0.6757984449253182,0.43365453882080585
36.125_-97.625,north_america,2588,2529,0.7211044578842679,0.5893521498422822
36.125_-97.125,north_america,5197,5083,0.7349334094449669,0.6061325033911449
36.125_-85.125,north_america,3729,3551,0.7870654569477915,0.6646552181005374
36.375_-121.875,north_america,457,450,0.7783363990636278,0.545114858003961
36.375_-120.625,north_america,794,793,0.8975738145616674,0.6171744182850301
36.375_-116.375,north_america,1939,1880,0.7203992735687557,0.6035761420933226
36.375_-115.875,north_america,5705,5541,0.6279695647109951,0.3210138466351923
36.375_-98.375,north_america,3122,3034,0.1588182575108836,0.4363188090789691
36.375_-97.875,north_america,3030,2969,0.7211740060491001,0.6196620140621185
36.375_-97.125,north_america,3059,2996,0.7786258412588708,0.631836588233717
36.375_-96.875,north_america,1062,1032,0.809602628834573,0.66957095836594
36.625_-120.625,north_america,3643,3631,0.7578561130130885,0.46275771639809576
36.625_-117.125,north_america,3991,3931,0.6178083870791122,0.6025574517208359
36.625_-116.125,north_america,5095,5082,0.6210911051674908,0.6250835334810904
36.625_-115.125,north_america,3846,3747,0.550694902270626,0.4467184766435526
36.625_-101.625,north_america,5138,4997,0.6355158248435934,0.5455685764811049
36.625_-97.375,north_america,4161,4008,0.6798424722306425,0.50971800861594
36.625_-80.125,north_america,4359,4208,0.7143251768758799,0.6853381963131049
36.625_-76.875,north_america,3878,3789,0.7257232985825939,0.6043195058336418
36.875_-98.375,north_america,3690,3514,0.6082521446322179,0.44139033235000014
36.875_-97.875,north_america,3005,2934,0.6688904770241687,0.5651817468959001
36.875_-97.125,north_america,3004,2928,0.7391581111064451,0.5945516553556353
36.875_-96.375,north_america,3793,3684,0.6799302517841348,0.4901858963338315
36.875_-92.375,north_america,3470,3368,0.7854211738943451,0.6704219706119712
36.875_-91.375,north_america,2243,2201,0.7351393161749554,0.7400128124077796
36.875_-89.875,north_america,2297,2210,0.7696037914227086,0.6540172045030235
37.125_-120.875,north_america,4441,4425,0.7273880406601364,0.6793808251445772
37.125_-113.375,north_america,2580,2565,0.6295775830989391,0.586332003088537
37.125_-112.125,north_america,2145,2089,0.7378693574649849,0.5433156117025946
37.125_-105.875,north_america,678,650,0.6948024075762029,0.3989087543058859
37.125_-98.125,north_america,1871,1828,0.659040394395553,0.5674833176140728
37.125_-97.875,north_america,2539,2471,0.5641954214609474,0.47114847916791336
37.125_-97.375,north_america,3682,3426,0.6740263715939547,0.48258477403027067
37.125_-97.125,north_america,3251,3146,0.6248026968681676,0.6142185810878162
37.125_-95.875,north_america,3504,3409,0.4460041685187513,0.2431039666119435
37.125_-93.875,north_america,3486,3378,0.7579884165854877,0.6648967315345045
37.125_-91.125,north_america,1142,1121,0.6749299451139847,0.7024966591430197
37.125_-87.875,north_america,2555,2491,0.7225066004867076,0.662931917172289
37.125_-86.125,north_america,3777,3680,0.8636753647528669,0.6510546254733642
37.375_-117.875,north_america,3840,3764,0.637185305208123,0.30939515180966143
37.375_-113.125,north_america,2102,2042,0.5301623533913974,0.43695429258999713
37.375_-109.375,north_america,5475,5362,0.6264436926039922,0.5048688248616124
37.375_-108.625,north_america,3548,3407,0.81619405278837,0.4549897535775633
37.375_-99.375,north_america,2755,2664,0.7156336231499042,0.5717361387080752
37.375_-96.125,north_america,3368,3254,0.7659322113135166,0.5488335345019967
37.375_-94.625,north_america,4302,4100,0.6865220277879106,0.6124599289793529
37.375_-86.125,north_america,4607,4498,0.7886850720213838,0.7192762470883536
37.625_-118.875,north_america,3213,3101,0.7066972779595754,0.23058644746761986
37.625_-113.625,north_america,4025,3917,0.7631218792880462,0.5152226551652662
37.625_-111.375,north_america,4608,4507,0.60255577732719,0.30729057036895324
37.625_-109.375,north_america,5015,4894,0.7749589390944653,0.5224810852987389
37.625_-91.625,north_america,4801,4626,0.8027734513128177,0.6422491668924384
37.625_-91.375,north_america,1152,1125,0.7499861207605669,0.6894416746471194
37.875_-119.875,north_america,3589,3455,0.9208628510089344,0.6102001459398018
37.875_-118.625,north_america,226,214,0.7624722270905718,0.03353890786986915
37.875_-118.375,north_america,2321,2258,0.43477379276218325,0.45781551912045076
37.875_-112.375,north_america,3253,3183,0.5872484498063998,0.3611893775113443
37.875_-109.125,north_america,4122,3994,0.722103261520427,0.5491055370353186
37.875_-103.875,north_america,4474,4312,0.3043387608376134,0.28399143960687323
37.875_-98.375,north_america,3260,3148,0.587099423544193,0.4446800622389149
37.875_-97.125,north_america,3342,3243,0.6555841407442947,0.48925641306993267
37.875_-94.125,north_america,2396,2254,0.5437094002509898,0.5992356558624995
37.875_-79.125,north_america,6069,5874,0.7855280832777857,0.659223974652492
37.875_-78.375,north_america,3567,3455,0.6642625141477201,0.6175967991997269
38.125_-121.875,north_america,1755,1712,-0.24564513425389456,0.18922570132693775
38.125_-121.625,north_america,675,664,0.7808335046258678,0.6134195777978385
38.125_-121.375,north_america,1232,1230,0.9454001664027332,0.8122290370076674
38.125_-120.875,north_america,1410,1399,0.9019082998190066,0.5593650599237671
38.125_-112.375,north_america,4041,3929,0.5501625154863458,0.2939541020272829
38.125_-109.125,north_america,2555,2476,0.6240760829402383,0.3815735464916504
38.125_-99.375,north_america,2760,2668,0.6951776408999576,0.49599279094494686
38.125_-97.625,north_america,2667,2546,0.7168946492381766,0.5710314739462058
38.125_-95.625,north_america,2415,2325,0.6207247398638114,0.44138882649333544
38.125_-84.625,north_america,4864,4721,0.8446128588770688,0.6895061994616701
38.125_-78.125,north_america,7655,7416,0.788220746144349,0.6214660096303398
38.375_-123.125,north_america,4615,4599,0.8709861685687893,0.7021474069283736
38.375_-120.875,north_america,1678,1675,0.8614865041420618,0.6556519063252303
38.375_-119.125,north_america,2316,2239,0.8538033734131713,0.5001038729637712
38.375_-113.125,north_america,4836,4684,0.664030951744945,0.335454110960545
38.375_-112.625,north_america,3917,3794,0.69719397640723,0.4194735047581702
38.375_-109.125,north_america,2384,2328,0.7814892694774017,0.5065300959423165
38.375_-97.375,north_america,2808,2731,0.6727639137118282,0.46722160231826715
38.375_-90.875,north_america,1039,989,0.7203464193441727,0.6652173888794398
38.625_-113.875,north_america,4289,4171,0.5337539497496762,0.4320425014103438
38.625_-107.625,north_america,3188,3101,0.8507094815773754,0.44449880500683936
38.625_-92.125,north_america,2094,2025,0.7772579965985574,0.6341525440061984
38.875_-123.125,north_america,91,88,0.988116746043317,0.9294972351322395
38.875_-100.875,north_america,3811,3684,0.6017665429359816,0.5209596108059096
38.875_-94.125,north_america,2296,2154,0.714321449544951,0.6119173067816158
38.875_-86.625,north_america,4331,4171,0.8395903404203506,0.6466446098222688
39.125_-123.125,north_america,2690,2685,0.953302480698373,0.7680316565539194
39.125_-121.375,north_america,1287,1278,0.919383927853546,0.6586872184866349
39.125_-114.125,north_america,3721,3577,0.7236493508118784,0.4079770133035333
39.125_-113.375,north_america,4188,4054,0.560113458939898,0.33551453884462556
39.125_-112.375,north_america,5225,5070,0.7814338914631046,0.4796010762334443
39.125_-110.125,north_america,5040,4943,0.541941237953074,0.3438577399798785
39.125_-106.875,north_america,2330,2258,0.5752170339750851,0.19371280038284217
39.125_-96.625,north_america,4382,4129,0.6176086555991305,0.5892132989112332
39.125_-95.125,north_america,2923,2796,0.6610530800321772,0.5462213988104415
39.125_-92.125,north_america,2691,2536,0.7110580120880239,0.561360855132305
39.125_-90.875,north_america,2893,2753,0.7254725346275547,0.6147423171143286
39.125_-79.375,north_america,3318,3148,0.7551470935284843,0.6529976954417942
39.125_-76.875,north_america,3377,3313,0.7791247194620297,0.6809101226686669
39.375_-123.375,north_america,462,441,0.9354389736931518,0.5895887402887583
39.375_-123.125,north_america,2666,2662,0.9248228639171383,0.6925073531330431
39.375_-121.125,north_america,1798,1784,0.9474261835481157,0.7890601908510753
39.375_-107.125,north_america,542,510,0.4041290384079444,0.3204952470002418
39.375_-86.375,north_america,319,238,0.6012066092886016,0.22469009527409384
39.625_-120.875,north_america,261,254,0.9407321903249263,0.5872387339816966
39.625_-111.875,north_america,4711,4572,0.763998871154335,0.4197616899512287
39.625_-110.875,north_america,4714,4606,0.4823982250933007,0.537483199793697
39.625_-107.375,north_america,2182,2116,0.6393477940500971,0.36189042231167246
39.625_-96.125,north_america,3118,3002,0.43715065983169116,0.5730716379790342
39.625_-91.625,north_america,1168,1085,0.7105741718642349,0.6484980817107211
39.875_-120.875,north_america,1273,1231,0.7908658575452265,0.45270133784937167
39.875_-120.375,north_america,485,462,0.8580764097838289,0.5139374658357828
39.875_-114.125,north_america,3322,3203,0.7153890037748459,0.46704051615002934
39.875_-99.375,north_america,3074,2962,0.719087086200954,0.5866860020961067
39.875_-93.125,north_america,3900,3669,0.753167915863354,0.6413802294475733
39.875_-90.875,north_america,2644,2484,0.7485908531664577,0.5268347105973781
39.875_-83.375,north_america,1906,1786,0.7378144241225757,0.5464059401862111
39.875_-75.875,north_america,4189,4079,0.8075384341485097,0.7170859178420365
40.125_-120.625,north_america,254,239,0.8966946051411946,0.42642423484490727
40.125_-118.375,north_america,2921,2861,0.5516428811156595,0.39496984638595417
40.125_-110.375,north_america,3696,3608,0.6135673576464533,0.5252417577458042
40.125_-108.875,north_america,3494,3421,0.7279036003154475,0.3691633972414122
40.125_-106.875,north_america,382,363,0.8726251760632031,0.30640057611747296
40.125_-88.375,north_america,4283,4137,0.7661752728044672,0.6004661855953048
40.375_-110.375,north_america,4203,4076,0.7202277456071527,0.42108279879166666
40.375_-109.375,north_america,3898,3839,0.7046744204106259,0.48498656972759885
40.375_-101.625,north_america,2173,2095,0.34651560791790165,0.5115249445214191
40.375_-93.625,north_america,3181,3033,0.6940736317964018,0.5597715090003729
40.375_-89.875,north_america,2611,2530,0.7683218533968239,0.6171909577579847
40.375_-81.875,north_america,1877,1787,0.8000669266130123,0.6906489665870643
40.625_-122.625,north_america,4189,4123,0.861967039190674,0.6228263542971715
40.625_-115.125,north_america,1253,1219,0.8083998208096415,0.1771149725434681
40.625_-112.375,north_america,3434,3342,0.8503854299313431,0.5966354387035304
40.625_-107.375,north_america,191,185,0.8797801488715938,0.2454956023610423
40.625_-96.875,north_america,3542,3432,0.6935686605464524,0.5950532617189437
40.625_-77.875,north_america,3285,3199,0.7546175192038305,0.699948827260143
40.625_-76.625,north_america,3918,3831,0.8108071679108003,0.6888760876707967
40.875_-122.625,north_america,1960,1935,0.761383138640095,0.6142828763932111
40.875_-119.875,north_america,1480,1429,0.7418972267892754,0.4826515014208867
40.875_-104.875,north_america,3622,3468,0.64800362177551,0.3750277477812476
40.875_-104.625,north_america,4862,4644,0.6910724944993223,0.4852049075510765
40.875_-96.625,north_america,3649,3527,0.6433763859556524,0.5869701401523202
40.875_-96.375,north_america,3455,3308,0.6316350499395875,0.6504734775363415
41.125_-120.625,north_america,1978,1919,0.7573200927909098,0.4164904436947522
41.375_-111.125,north_america,3431,3330,0.81661544873785,0.4878709186868598
41.375_-71.625,north_america,4526,4409,0.7460581265828806,0.7168653790586148
41.625_-112.625,north_america,3449,3379,0.6654559014008494,0.5121617883479445
41.625_-93.375,north_america,3722,3632,0.8002924746052297,0.6057524079467616
41.875_-119.625,north_america,2932,2808,0.7428497090364142,0.41831600766673716
41.875_-113.875,north_america,3531,3429,0.8862060458261165,0.5614884989075166
41.875_-112.375,north_america,4180,4089,0.8163426881312674,0.5232097912306167
41.875_-111.875,north_america,3367,3295,0.7799841007447933,0.5586692932024329
41.875_-88.875,north_america,3654,3541,0.7376579836320811,0.6587707814825893
41.875_-81.125,north_america,1599,1541,0.7504405939959383,0.6893435961537101
41.875_-73.625,north_america,3627,3518,0.843031290685045,0.736263044808685
42.125_-104.125,north_america,1745,1665,0.48712064930251026,0.5420734590017433
42.125_-101.375,north_america,3750,3601,0.642112798523799,0.5369744280790216
42.125_-93.625,north_america,2546,2424,0.5028427905680458,0.6163442426202064
42.375_-103.625,north_america,3057,2943,0.6774587610344569,0.44361725211350655
42.375_-95.875,north_america,3131,3026,0.6753980707888667,0.6381740192037919
42.375_-83.625,north_america,695,658,0.7151011870690298,0.5046694555043901
42.375_-76.125,north_america,3393,3290,0.7937873878242135,0.6534540916206435
42.625_-108.625,north_america,3085,2976,0.8910993282054084,0.5034696884465407
42.625_-90.375,north_america,2611,2513,0.6455825834598015,0.629170057306345
42.875_-117.125,north_america,1747,1681,0.8091380074120236,0.5276150686972017
42.875_-77.125,north_america,3627,3487,0.7100095173407923,0.6783679883522286
43.125_-116.875,north_america,3354,3274,0.7155437040955128,0.3398507363206208
43.125_-73.125,north_america,2799,2718,0.6325066837180844,0.7202942509265041
43.125_-70.875,north_america,4025,3922,0.8817122326795871,0.7685158899849959
43.375_-124.375,north_america,149,126,0.18068210779412697,0.030458002795072135
43.375_-119.625,north_america,4069,3950,0.6998712679838044,0.47113231462897415
43.375_-115.875,north_america,4239,4130,0.8005744458284655,0.429579705439207
43.375_-113.625,north_america,2961,2901,0.8332002652904098,0.5353127559340504
43.625_-110.625,north_america,2493,2432,0.6888430782000493,0.5389500433383756
43.625_-96.625,north_america,4463,4331,0.6604536464835387,0.5585568841158243
43.875_-71.625,north_america,3273,3211,0.6004491168291602,0.7162285276473463
44.125_-100.375,north_america,3572,3453,0.6656995860279806,0.5448336809185959
44.125_-90.125,north_america,3748,3666,0.7831903299204902,0.7549859687160507
44.375_-123.375,north_america,4425,4322,0.903915147829823,0.675616063475072
44.625_-119.625,north_america,3685,3601,0.7774122278074195,0.34726115474174774
44.625_-104.375,north_america,2804,2666,0.6984099576929685,0.580128526071961
44.625_-72.875,north_america,2946,2794,0.6126598585957814,0.6093412629528413
44.875_-84.625,north_america,3153,3061,0.8219049332135132,0.7241696038178382
44.875_-68.625,north_america,1643,1576,0.6219426374581842,0.6984604239391538
45.125_-113.125,north_america,2785,2709,0.8393954402715494,0.3680794897442013
45.125_-68.625,north_america,1064,867,0.38913220586901,0.36910684439621616
45.375_-93.875,north_america,2817,2747,0.6981681873511331,0.5666991401579583
45.375_-88.625,north_america,1927,1867,0.5453235237702978,0.653794256927926
45.375_-75.625,north_america,677,663,0.7365035562270992,0.7329572985429195
45.375_-75.125,north_america,1468,1442,0.6913388929047011,0.5892698949568155
45.375_-74.875,north_america,1474,1450,0.7333876764143755,0.6107298683067179
45.625_-103.375,north_america,3338,3249,0.7177391443826779,0.4392139894314294
45.625_-99.125,north_america,3356,3259,0.6983502941944398,0.5059305853363038
45.875_-111.625,north_america,4319,4195,0.7473759725081918,0.5919287447930177
46.125_-92.875,north_america,2868,2820,0.7912073845136515,0.7006069618927344
46.375_-86.875,north_america,3110,3032,0.7014763420320911,0.6023088633376747
46.875_-117.125,north_america,2095,2017,0.8513737714346798,0.5634797237371116
46.875_-110.875,north_america,1010,954,0.8275802576143618,0.3631893436901078
46.875_-110.375,north_america,2822,2712,0.835974415986204,0.5102235271392064
46.875_-103.375,north_america,3314,3211,0.7041504615992507,0.5786902036598658
46.875_-100.875,north_america,2347,2263,0.5868339612055428,0.415838947736382
46.875_-99.375,north_america,2936,2854,0.6412512727072518,0.48715936142125815
46.875_-67.875,north_america,2880,2816,0.7412989955068192,0.6912904270047804
47.125_-118.625,north_america,3016,2957,0.7316157792890982,0.3920024439269881
47.125_-109.875,north_america,2485,2375,0.8374490936918692,0.6957944124416725
47.125_-105.125,north_america,1937,1866,0.7689454716111126,0.545356269996231
47.375_-117.625,north_america,3568,3498,0.8315217198305858,0.6379962136715711
47.625_-123.875,north_america,4363,4311,0.8115948609450276,0.8027315240788211
47.625_-107.125,north_america,4213,4092,0.7922420607056785,0.6901289096344974
47.625_-96.375,north_america,2422,2360,0.6674386050923701,0.6192538149863399
47.875_-104.125,north_america,1653,1591,0.6900667941815142,0.34968997520898387
48.375_-111.875,north_america,2554,2452,0.7765937241596415,0.5934098283567875
48.375_-111.125,north_america,2178,2101,0.6678081104168488,0.5539505636442514
48.375_-109.875,north_america,2747,2635,0.7493493712306734,0.5410001898392771
48.375_-105.125,north_america,3297,3220,0.7557993557371461,0.4488351904474866
48.375_-95.875,north_america,2251,2149,0.5058354119785855,0.5538898063764173
48.625_-121.375,north_america,3005,2972,0.8974311482693278,0.6577182984021676
48.625_-113.375,north_america,2564,2501,0.8141243288899286,0.6137758934516037
48.875_-102.125,north_america,3063,2996,0.7935769442644648,0.5877225483429002
49.375_-97.875,north_america,1386,1357,0.33011413483437035,0.39292417844419375
49.625_-98.125,north_america,1424,1392,0.44321909610307986,0.4281482161321269
49.625_-97.875,north_america,1431,1403,0.4998032631165638,0.3273679039557599
49.875_-99.375,north_america,799,783,0.4557081013311699,0.5363156068197792
49.875_-97.875,north_america,1403,1380,0.4659109789701108,0.35954045703791565
49.875_-97.375,north_america,1130,1104,0.3523072620478507,0.23467383207498038
50.125_-97.625,north_america,1221,1203,0.5174031246190777,0.327598582585945
51.375_-106.625,north_america,1362,1338,0.6478751981260051,0.4693554050862958
51.375_-106.375,north_america,1356,1332,0.6534011021619347,0.4740904316600316
58.625_-156.625,north_america,666,643,0.17927910543044043,0.5519824384703775
59.125_-159.125,north_america,710,700,0.7049795428675173,0.6964344515535956
59.375_-161.125,north_america,384,378,0.611432262453058,0.7572573830697025
59.625_-151.375,north_america,1894,1838,0.03338683756121779,0.005216276363321294
59.875_-156.875,north_america,138,126,0.7875545819087877,0.6248318500313583
63.875_-160.625,north_america,149,146,0.37717125914464766,0.4136241880895178
64.625_-148.375,north_america,1649,1624,0.521581938043094,0.5407023916589447
64.625_-148.125,north_america,1646,1630,0.4684524640440919,0.4666403665681395
64.875_-148.375,north_america,886,870,0.3062162157351974,0.4557920087478024
65.125_-147.625,north_america,1445,1407,-0.14733295598865628,0.07685349734785378
65.125_-147.375,north_america,1456,1408,0.19179654811964875,0.39862050049813613
65.375_-164.625,north_america,203,198,0.4097837007088514,0.5085192878578656
